"","Tax","TaxLevel","SP","value","Vari"
"1","Universal_P",0,"Null",30706.615004915,"CO2_Effect"
"2","Universal_P",10,"Null",29749.2554383427,"CO2_Effect"
"3","Universal_P",20,"Null",28954.1739001981,"CO2_Effect"
"4","Universal_P",30,"Null",28261.1775187771,"CO2_Effect"
"5","Universal_P",40,"Null",27641.8755461258,"CO2_Effect"
"6","Universal_P",50,"Null",27079.6156291974,"CO2_Effect"
"7","Universal_P",60,"Null",26563.3990034067,"CO2_Effect"
"8","Universal_P",70,"Null",26085.411172474,"CO2_Effect"
"9","Universal_P",80,"Null",25639.8221920523,"CO2_Effect"
"10","Universal_P",90,"Null",25222.1282614708,"CO2_Effect"
"11","Universal_P",100,"Null",24828.7575520246,"CO2_Effect"
"12","Universal_P",0,"Universal",30706.615004915,"CO2_Effect"
"13","Universal_P",10,"Universal",29933.0343278713,"CO2_Effect"
"14","Universal_P",20,"Universal",29306.7907655158,"CO2_Effect"
"15","Universal_P",30,"Universal",28771.5770814502,"CO2_Effect"
"16","Universal_P",40,"Universal",28301.2098239719,"CO2_Effect"
"17","Universal_P",50,"Universal",27880.5179404495,"CO2_Effect"
"18","Universal_P",60,"Universal",27499.5828200545,"CO2_Effect"
"19","Universal_P",70,"Universal",27151.4170045564,"CO2_Effect"
"20","Universal_P",80,"Universal",26830.8446049566,"CO2_Effect"
"21","Universal_P",90,"Universal",26533.8913189033,"CO2_Effect"
"22","Universal_P",100,"Universal",26257.4217764973,"CO2_Effect"
"23","Universal_P",0,"Cash",30706.615004915,"CO2_Effect"
"24","Universal_P",10,"Cash",29937.579954782,"CO2_Effect"
"25","Universal_P",20,"Cash",29315.1896620453,"CO2_Effect"
"26","Universal_P",30,"Cash",28783.2840819557,"CO2_Effect"
"27","Universal_P",40,"Cash",28315.7842633445,"CO2_Effect"
"28","Universal_P",50,"Cash",27897.5956512047,"CO2_Effect"
"29","Universal_P",60,"Cash",27518.8577999839,"CO2_Effect"
"30","Universal_P",70,"Cash",27172.6288118359,"CO2_Effect"
"31","Universal_P",80,"Cash",26853.7693030905,"CO2_Effect"
"32","Universal_P",90,"Cash",26558.3347430033,"CO2_Effect"
"33","Universal_P",100,"Cash",26283.2143884616,"CO2_Effect"
"34","Universal_P",0,"SP_current",30706.615004915,"CO2_Effect"
"35","Universal_P",10,"SP_current",29936.6471923236,"CO2_Effect"
"36","Universal_P",20,"SP_current",29313.4697533014,"CO2_Effect"
"37","Universal_P",30,"SP_current",28780.8964770942,"CO2_Effect"
"38","Universal_P",40,"SP_current",28312.8273617377,"CO2_Effect"
"39","Universal_P",50,"SP_current",27894.151958642,"CO2_Effect"
"40","Universal_P",60,"SP_current",27514.9975504361,"CO2_Effect"
"41","Universal_P",70,"SP_current",27168.4125017135,"CO2_Effect"
"42","Universal_P",80,"SP_current",26849.2495230704,"CO2_Effect"
"43","Universal_P",90,"SP_current",26553.5575472214,"CO2_Effect"
"44","Universal_P",100,"SP_current",26278.2203476831,"CO2_Effect"
"45","Universal_P",0,"SP_covid",30706.615004915,"CO2_Effect"
"46","Universal_P",10,"SP_covid",29935.9041751717,"CO2_Effect"
"47","Universal_P",20,"SP_covid",29312.1113376179,"CO2_Effect"
"48","Universal_P",30,"SP_covid",28779.0233498421,"CO2_Effect"
"49","Universal_P",40,"SP_covid",28310.5200781967,"CO2_Effect"
"50","Universal_P",50,"SP_covid",27891.476506982,"CO2_Effect"
"51","Universal_P",60,"SP_covid",27512.0090357378,"CO2_Effect"
"52","Universal_P",70,"SP_covid",27165.1576267078,"CO2_Effect"
"53","Universal_P",80,"SP_covid",26845.768326309,"CO2_Effect"
"54","Universal_P",90,"SP_covid",26549.8846676165,"CO2_Effect"
"55","Universal_P",100,"SP_covid",26274.3859741094,"CO2_Effect"
"56","Universal_P",0,"PerfectTargeted",30706.615004915,"CO2_Effect"
"57","Universal_P",10,"PerfectTargeted",29950.930557986,"CO2_Effect"
"58","Universal_P",20,"PerfectTargeted",29335.4755451456,"CO2_Effect"
"59","Universal_P",30,"PerfectTargeted",28808.531489525,"CO2_Effect"
"60","Universal_P",40,"PerfectTargeted",28345.1210917871,"CO2_Effect"
"61","Universal_P",50,"PerfectTargeted",27928.2492775663,"CO2_Effect"
"62","Universal_P",60,"PerfectTargeted",27552.2520088853,"CO2_Effect"
"63","Universal_P",70,"PerfectTargeted",27209.0805089901,"CO2_Effect"
"64","Universal_P",80,"PerfectTargeted",26891.5130170154,"CO2_Effect"
"65","Universal_P",90,"PerfectTargeted",26597.9468831372,"CO2_Effect"
"66","Universal_P",100,"PerfectTargeted",26324.3613173557,"CO2_Effect"
"67","Universal_C",0,"Null",30706.615004915,"CO2_Effect"
"68","Universal_C",10,"Null",29749.2554383427,"CO2_Effect"
"69","Universal_C",20,"Null",28954.1739001981,"CO2_Effect"
"70","Universal_C",30,"Null",28261.1775187771,"CO2_Effect"
"71","Universal_C",40,"Null",27641.8755461258,"CO2_Effect"
"72","Universal_C",50,"Null",27079.6156291974,"CO2_Effect"
"73","Universal_C",60,"Null",26563.3990034067,"CO2_Effect"
"74","Universal_C",70,"Null",26085.411172474,"CO2_Effect"
"75","Universal_C",80,"Null",25639.8221920523,"CO2_Effect"
"76","Universal_C",90,"Null",25222.1282614708,"CO2_Effect"
"77","Universal_C",100,"Null",24828.7575520246,"CO2_Effect"
"78","Universal_C",0,"Universal",30706.615004915,"CO2_Effect"
"79","Universal_C",10,"Universal",29945.6778505664,"CO2_Effect"
"80","Universal_C",20,"Universal",29331.4553430273,"CO2_Effect"
"81","Universal_C",30,"Universal",28807.6925548864,"CO2_Effect"
"82","Universal_C",40,"Universal",28348.2744973424,"CO2_Effect"
"83","Universal_C",50,"Universal",27938.0917509608,"CO2_Effect"
"84","Universal_C",60,"Universal",27567.2778073015,"CO2_Effect"
"85","Universal_C",70,"Universal",27228.8887365783,"CO2_Effect"
"86","Universal_C",80,"Universal",26917.7850912709,"CO2_Effect"
"87","Universal_C",90,"Universal",26630.0232742563,"CO2_Effect"
"88","Universal_C",100,"Universal",26362.4939868073,"CO2_Effect"
"89","Universal_C",0,"Cash",30706.615004915,"CO2_Effect"
"90","Universal_C",10,"Cash",29951.0785669174,"CO2_Effect"
"91","Universal_C",20,"Cash",29341.4676426154,"CO2_Effect"
"92","Universal_C",30,"Cash",28821.6888118401,"CO2_Effect"
"93","Universal_C",40,"Cash",28365.7441608334,"CO2_Effect"
"94","Universal_C",50,"Cash",27958.611180121,"CO2_Effect"
"95","Universal_C",60,"Cash",27590.4900463389,"CO2_Effect"
"96","Universal_C",70,"Cash",27254.4893753951,"CO2_Effect"
"97","Universal_C",80,"Cash",26945.5119891702,"CO2_Effect"
"98","Universal_C",90,"Cash",26659.6488550939,"CO2_Effect"
"99","Universal_C",100,"Cash",26393.8193177453,"CO2_Effect"
"100","Universal_C",0,"SP_current",30706.615004915,"CO2_Effect"
"101","Universal_C",10,"SP_current",29950.0557191107,"CO2_Effect"
"102","Universal_C",20,"SP_current",29339.5738363232,"CO2_Effect"
"103","Universal_C",30,"SP_current",28819.0504817875,"CO2_Effect"
"104","Universal_C",40,"SP_current",28362.4662549896,"CO2_Effect"
"105","Universal_C",50,"SP_current",27954.7820679709,"CO2_Effect"
"106","Universal_C",60,"SP_current",27586.1851415914,"CO2_Effect"
"107","Universal_C",70,"SP_current",27249.7737389037,"CO2_Effect"
"108","Universal_C",80,"SP_current",26940.44224146,"CO2_Effect"
"109","Universal_C",90,"SP_current",26654.274621096,"CO2_Effect"
"110","Universal_C",100,"SP_current",26388.1843458084,"CO2_Effect"
"111","Universal_C",0,"SP_covid",30706.615004915,"CO2_Effect"
"112","Universal_C",10,"SP_covid",29949.2787511297,"CO2_Effect"
"113","Universal_C",20,"SP_covid",29338.1450302592,"CO2_Effect"
"114","Universal_C",30,"SP_covid",28817.0711947027,"CO2_Effect"
"115","Universal_C",40,"SP_covid",28360.0187884069,"CO2_Effect"
"116","Universal_C",50,"SP_covid",27951.9344897439,"CO2_Effect"
"117","Universal_C",60,"SP_covid",27582.9946752773,"CO2_Effect"
"118","Universal_C",70,"SP_covid",27246.2891225167,"CO2_Effect"
"119","Universal_C",80,"SP_covid",26936.7054171228,"CO2_Effect"
"120","Universal_C",90,"SP_covid",26650.3219843071,"CO2_Effect"
"121","Universal_C",100,"SP_covid",26384.0476952239,"CO2_Effect"
"122","Universal_C",0,"PerfectTargeted",30706.615004915,"CO2_Effect"
"123","Universal_C",10,"PerfectTargeted",29966.4660956456,"CO2_Effect"
"124","Universal_C",20,"PerfectTargeted",29364.8476021861,"CO2_Effect"
"125","Universal_C",30,"PerfectTargeted",28850.2705001601,"CO2_Effect"
"126","Universal_C",40,"PerfectTargeted",28396.6211413328,"CO2_Effect"
"127","Universal_C",50,"PerfectTargeted",27993.1475894716,"CO2_Effect"
"128","Universal_C",60,"PerfectTargeted",27627.9386031386,"CO2_Effect"
"129","Universal_C",70,"PerfectTargeted",27294.4432957092,"CO2_Effect"
"130","Universal_C",80,"PerfectTargeted",26986.2192779689,"CO2_Effect"
"131","Universal_C",90,"PerfectTargeted",26702.135138736,"CO2_Effect"
"132","Universal_C",100,"PerfectTargeted",26439.022406044,"CO2_Effect"
"133","Luxury",0,"Null",30706.615004915,"CO2_Effect"
"134","Luxury",10,"Null",29821.348730024,"CO2_Effect"
"135","Luxury",20,"Null",29072.9026182275,"CO2_Effect"
"136","Luxury",30,"Null",28412.6789786231,"CO2_Effect"
"137","Luxury",40,"Null",27817.1941537207,"CO2_Effect"
"138","Luxury",50,"Null",27272.4761623322,"CO2_Effect"
"139","Luxury",60,"Null",26769.194196123,"CO2_Effect"
"140","Luxury",70,"Null",26300.6550721388,"CO2_Effect"
"141","Luxury",80,"Null",25861.8217865705,"CO2_Effect"
"142","Luxury",90,"Null",25448.7715780618,"CO2_Effect"
"143","Luxury",100,"Null",25058.3697610116,"CO2_Effect"
"144","Luxury",0,"Universal",30706.615004915,"CO2_Effect"
"145","Luxury",10,"Universal",30019.2545523677,"CO2_Effect"
"146","Luxury",20,"Universal",29455.2425303036,"CO2_Effect"
"147","Luxury",30,"Universal",28969.212083284,"CO2_Effect"
"148","Luxury",40,"Universal",28539.5728824742,"CO2_Effect"
"149","Luxury",50,"Universal",28153.647726908,"CO2_Effect"
"150","Luxury",60,"Universal",27803.063123152,"CO2_Effect"
"151","Luxury",70,"Universal",27481.8672898979,"CO2_Effect"
"152","Luxury",80,"Universal",27185.6154846518,"CO2_Effect"
"153","Luxury",90,"Universal",26910.8688582665,"CO2_Effect"
"154","Luxury",100,"Universal",26654.8950648867,"CO2_Effect"
"155","Luxury",0,"Cash",30706.615004915,"CO2_Effect"
"156","Luxury",10,"Cash",30025.076173628,"CO2_Effect"
"157","Luxury",20,"Cash",29466.7596755996,"CO2_Effect"
"158","Luxury",30,"Cash",28986.2828998571,"CO2_Effect"
"159","Luxury",40,"Cash",28562.0607426352,"CO2_Effect"
"160","Luxury",50,"Cash",28181.4247513229,"CO2_Effect"
"161","Luxury",60,"Cash",27836.010168576,"CO2_Effect"
"162","Luxury",70,"Cash",27519.8731805864,"CO2_Effect"
"163","Luxury",80,"Cash",27228.5761547815,"CO2_Effect"
"164","Luxury",90,"Cash",26958.6865688617,"CO2_Effect"
"165","Luxury",100,"Cash",26707.4777246338,"CO2_Effect"
"166","Luxury",0,"SP_current",30706.615004915,"CO2_Effect"
"167","Luxury",10,"SP_current",30023.9336161925,"CO2_Effect"
"168","Luxury",20,"SP_current",29464.4394327853,"CO2_Effect"
"169","Luxury",30,"SP_current",28982.7752520622,"CO2_Effect"
"170","Luxury",40,"SP_current",28557.3654353991,"CO2_Effect"
"171","Luxury",50,"SP_current",28175.5460498744,"CO2_Effect"
"172","Luxury",60,"SP_current",27828.9548273943,"CO2_Effect"
"173","Luxury",70,"SP_current",27511.6494357089,"CO2_Effect"
"174","Luxury",80,"SP_current",27219.1931534384,"CO2_Effect"
"175","Luxury",90,"SP_current",26948.1540165312,"CO2_Effect"
"176","Luxury",100,"SP_current",26695.8056534064,"CO2_Effect"
"177","Luxury",0,"SP_covid",30706.615004915,"CO2_Effect"
"178","Luxury",10,"SP_covid",30023.0668404732,"CO2_Effect"
"179","Luxury",20,"SP_covid",29462.6951095931,"CO2_Effect"
"180","Luxury",30,"SP_covid",28980.1595119064,"CO2_Effect"
"181","Luxury",40,"SP_covid",28553.8889909336,"CO2_Effect"
"182","Luxury",50,"SP_covid",28171.2210106035,"CO2_Effect"
"183","Luxury",60,"SP_covid",27823.7936590998,"CO2_Effect"
"184","Luxury",70,"SP_covid",27505.6645602424,"CO2_Effect"
"185","Luxury",80,"SP_covid",27212.3967743948,"CO2_Effect"
"186","Luxury",90,"SP_covid",26940.5580364904,"CO2_Effect"
"187","Luxury",100,"SP_covid",26687.4216333581,"CO2_Effect"
"188","Luxury",0,"PerfectTargeted",30706.615004915,"CO2_Effect"
"189","Luxury",10,"PerfectTargeted",30041.4698701764,"CO2_Effect"
"190","Luxury",20,"PerfectTargeted",29493.0676640163,"CO2_Effect"
"191","Luxury",30,"PerfectTargeted",29020.0953267373,"CO2_Effect"
"192","Luxury",40,"PerfectTargeted",28600.0739574563,"CO2_Effect"
"193","Luxury",50,"PerfectTargeted",28225.2483245685,"CO2_Effect"
"194","Luxury",60,"PerfectTargeted",27884.7885078227,"CO2_Effect"
"195","Luxury",70,"PerfectTargeted",27572.9003499106,"CO2_Effect"
"196","Luxury",80,"PerfectTargeted",27283.8590796965,"CO2_Effect"
"197","Luxury",90,"PerfectTargeted",27017.4196088509,"CO2_Effect"
"198","Luxury",100,"PerfectTargeted",26769.951005737,"CO2_Effect"
"199","CBDR_P",0,"Null",30706.615004915,"CO2_Effect"
"200","CBDR_P",10,"Null",29814.8747713061,"CO2_Effect"
"201","CBDR_P",20,"Null",29099.4851952577,"CO2_Effect"
"202","CBDR_P",30,"Null",28492.1656034958,"CO2_Effect"
"203","CBDR_P",40,"Null",27959.9097067885,"CO2_Effect"
"204","CBDR_P",50,"Null",27483.5134579394,"CO2_Effect"
"205","CBDR_P",60,"Null",27050.6089733285,"CO2_Effect"
"206","CBDR_P",70,"Null",26652.6874437051,"CO2_Effect"
"207","CBDR_P",80,"Null",26283.612311304,"CO2_Effect"
"208","CBDR_P",90,"Null",25938.7965736003,"CO2_Effect"
"209","CBDR_P",100,"Null",25614.7129622207,"CO2_Effect"
"210","CBDR_P",0,"Universal",30706.615004915,"CO2_Effect"
"211","CBDR_P",10,"Universal",29940.5447801396,"CO2_Effect"
"212","CBDR_P",20,"Universal",29341.0020332372,"CO2_Effect"
"213","CBDR_P",30,"Universal",28842.4161157228,"CO2_Effect"
"214","CBDR_P",40,"Universal",28413.3294123587,"CO2_Effect"
"215","CBDR_P",50,"Universal",28035.5536084652,"CO2_Effect"
"216","CBDR_P",60,"Universal",27697.4387187869,"CO2_Effect"
"217","CBDR_P",70,"Universal",27391.009042928,"CO2_Effect"
"218","CBDR_P",80,"Universal",27110.538444528,"CO2_Effect"
"219","CBDR_P",90,"Universal",26851.7648154322,"CO2_Effect"
"220","CBDR_P",100,"Universal",26611.4238856755,"CO2_Effect"
"221","CBDR_P",0,"Cash",30706.615004915,"CO2_Effect"
"222","CBDR_P",10,"Cash",29942.9729811659,"CO2_Effect"
"223","CBDR_P",20,"Cash",29345.3826837749,"CO2_Effect"
"224","CBDR_P",30,"Cash",28848.4161103682,"CO2_Effect"
"225","CBDR_P",40,"Cash",28420.6952094324,"CO2_Effect"
"226","CBDR_P",50,"Cash",28044.0844131456,"CO2_Effect"
"227","CBDR_P",60,"Cash",27706.9713775323,"CO2_Effect"
"228","CBDR_P",70,"Cash",27401.4084634619,"CO2_Effect"
"229","CBDR_P",80,"Cash",27121.6911005728,"CO2_Effect"
"230","CBDR_P",90,"Cash",26863.5741432259,"CO2_Effect"
"231","CBDR_P",100,"Cash",26623.8069132509,"CO2_Effect"
"232","CBDR_P",0,"SP_current",30706.615004915,"CO2_Effect"
"233","CBDR_P",10,"SP_current",29942.423011896,"CO2_Effect"
"234","CBDR_P",20,"SP_current",29344.4739036903,"CO2_Effect"
"235","CBDR_P",30,"SP_current",28847.2740130965,"CO2_Effect"
"236","CBDR_P",40,"SP_current",28419.4097065783,"CO2_Effect"
"237","CBDR_P",50,"SP_current",28042.7225492206,"CO2_Effect"
"238","CBDR_P",60,"SP_current",27705.5844360966,"CO2_Effect"
"239","CBDR_P",70,"SP_current",27400.0363989797,"CO2_Effect"
"240","CBDR_P",80,"SP_current",27120.36547888,"CO2_Effect"
"241","CBDR_P",90,"SP_current",26862.320175779,"CO2_Effect"
"242","CBDR_P",100,"SP_current",26622.6449090229,"CO2_Effect"
"243","CBDR_P",0,"SP_covid",30706.615004915,"CO2_Effect"
"244","CBDR_P",10,"SP_covid",29941.8649425826,"CO2_Effect"
"245","CBDR_P",20,"SP_covid",29343.4917265298,"CO2_Effect"
"246","CBDR_P",30,"SP_covid",28845.9592154393,"CO2_Effect"
"247","CBDR_P",40,"SP_covid",28417.8303777047,"CO2_Effect"
"248","CBDR_P",50,"SP_covid",28040.9315048325,"CO2_Effect"
"249","CBDR_P",60,"SP_covid",27703.6237255983,"CO2_Effect"
"250","CBDR_P",70,"SP_covid",27397.9401373513,"CO2_Effect"
"251","CBDR_P",80,"SP_covid",27118.1617554383,"CO2_Effect"
"252","CBDR_P",90,"SP_covid",26860.0324002301,"CO2_Effect"
"253","CBDR_P",100,"SP_covid",26620.2927916569,"CO2_Effect"
"254","CBDR_P",0,"PerfectTargeted",30706.615004915,"CO2_Effect"
"255","CBDR_P",10,"PerfectTargeted",29953.182025538,"CO2_Effect"
"256","CBDR_P",20,"PerfectTargeted",29359.7391837346,"CO2_Effect"
"257","CBDR_P",30,"PerfectTargeted",28865.0197616756,"CO2_Effect"
"258","CBDR_P",40,"PerfectTargeted",28439.0673682015,"CO2_Effect"
"259","CBDR_P",50,"PerfectTargeted",28063.6116950429,"CO2_Effect"
"260","CBDR_P",60,"PerfectTargeted",27726.9581760064,"CO2_Effect"
"261","CBDR_P",70,"PerfectTargeted",27423.8395610631,"CO2_Effect"
"262","CBDR_P",80,"PerfectTargeted",27145.8373791767,"CO2_Effect"
"263","CBDR_P",90,"PerfectTargeted",26888.7672310075,"CO2_Effect"
"264","CBDR_P",100,"PerfectTargeted",26649.0679799443,"CO2_Effect"
"265","CBDR_C",0,"Null",30706.615004915,"CO2_Effect"
"266","CBDR_C",10,"Null",29887.8361616206,"CO2_Effect"
"267","CBDR_C",20,"Null",29230.9853379596,"CO2_Effect"
"268","CBDR_C",30,"Null",28673.7997615568,"CO2_Effect"
"269","CBDR_C",40,"Null",28185.8049924052,"CO2_Effect"
"270","CBDR_C",50,"Null",27749.1795310175,"CO2_Effect"
"271","CBDR_C",60,"Null",27352.4308164801,"CO2_Effect"
"272","CBDR_C",70,"Null",26987.6591369643,"CO2_Effect"
"273","CBDR_C",80,"Null",26649.1794588325,"CO2_Effect"
"274","CBDR_C",90,"Null",26332.7544644332,"CO2_Effect"
"275","CBDR_C",100,"Null",26035.1362777386,"CO2_Effect"
"276","CBDR_C",0,"Universal",30706.615004915,"CO2_Effect"
"277","CBDR_C",10,"Universal",30016.401086394,"CO2_Effect"
"278","CBDR_C",20,"Universal",29477.8906976252,"CO2_Effect"
"279","CBDR_C",30,"Universal",29031.7295964706,"CO2_Effect"
"280","CBDR_C",40,"Universal",28649.0952926585,"CO2_Effect"
"281","CBDR_C",50,"Universal",28313.2383299297,"CO2_Effect"
"282","CBDR_C",60,"Universal",28013.4153404617,"CO2_Effect"
"283","CBDR_C",70,"Universal",27742.276875715,"CO2_Effect"
"284","CBDR_C",80,"Universal",27494.5571982501,"CO2_Effect"
"285","CBDR_C",90,"Universal",27266.3478241759,"CO2_Effect"
"286","CBDR_C",100,"Universal",27054.6648641385,"CO2_Effect"
"287","CBDR_C",0,"Cash",30706.615004915,"CO2_Effect"
"288","CBDR_C",10,"Cash",30019.1010878302,"CO2_Effect"
"289","CBDR_C",20,"Cash",29482.8021982795,"CO2_Effect"
"290","CBDR_C",30,"Cash",29038.5249149157,"CO2_Effect"
"291","CBDR_C",40,"Cash",28657.532096685,"CO2_Effect"
"292","CBDR_C",50,"Cash",28323.1280168016,"CO2_Effect"
"293","CBDR_C",60,"Cash",28024.6061152851,"CO2_Effect"
"294","CBDR_C",70,"Cash",27754.6435371534,"CO2_Effect"
"295","CBDR_C",80,"Cash",27507.9944963578,"CO2_Effect"
"296","CBDR_C",90,"Cash",27280.7659119782,"CO2_Effect"
"297","CBDR_C",100,"Cash",27069.9860605029,"CO2_Effect"
"298","CBDR_C",0,"SP_current",30706.615004915,"CO2_Effect"
"299","CBDR_C",10,"SP_current",30018.4035563124,"CO2_Effect"
"300","CBDR_C",20,"SP_current",29481.6275271276,"CO2_Effect"
"301","CBDR_C",30,"SP_current",29037.0119935485,"CO2_Effect"
"302","CBDR_C",40,"SP_current",28655.7772237958,"CO2_Effect"
"303","CBDR_C",50,"SP_current",28321.2014230784,"CO2_Effect"
"304","CBDR_C",60,"SP_current",28022.5607572506,"CO2_Effect"
"305","CBDR_C",70,"SP_current",27752.5203195554,"CO2_Effect"
"306","CBDR_C",80,"SP_current",27505.8255982031,"CO2_Effect"
"307","CBDR_C",90,"SP_current",27278.577013367,"CO2_Effect"
"308","CBDR_C",100,"SP_current",27067.7978912934,"CO2_Effect"
"309","CBDR_C",0,"SP_covid",30706.615004915,"CO2_Effect"
"310","CBDR_C",10,"SP_covid",30017.7199137861,"CO2_Effect"
"311","CBDR_C",20,"SP_covid",29480.4154455009,"CO2_Effect"
"312","CBDR_C",30,"SP_covid",29035.3746550714,"CO2_Effect"
"313","CBDR_C",40,"SP_covid",28653.7900382606,"CO2_Effect"
"314","CBDR_C",50,"SP_covid",28318.9222490747,"CO2_Effect"
"315","CBDR_C",60,"SP_covid",28020.0353747594,"CO2_Effect"
"316","CBDR_C",70,"SP_covid",27749.7857569475,"CO2_Effect"
"317","CBDR_C",80,"SP_covid",27502.9123177277,"CO2_Effect"
"318","CBDR_C",90,"SP_covid",27275.5104228926,"CO2_Effect"
"319","CBDR_C",100,"SP_covid",27064.599429395,"CO2_Effect"
"320","CBDR_C",0,"PerfectTargeted",30706.615004915,"CO2_Effect"
"321","CBDR_C",10,"PerfectTargeted",30030.7521456849,"CO2_Effect"
"322","CBDR_C",20,"PerfectTargeted",29499.1471089652,"CO2_Effect"
"323","CBDR_C",30,"PerfectTargeted",29057.7052576906,"CO2_Effect"
"324","CBDR_C",40,"PerfectTargeted",28680.1317717595,"CO2_Effect"
"325","CBDR_C",50,"PerfectTargeted",28347.5603842397,"CO2_Effect"
"326","CBDR_C",60,"PerfectTargeted",28049.7191228617,"CO2_Effect"
"327","CBDR_C",70,"PerfectTargeted",27782.4737054869,"CO2_Effect"
"328","CBDR_C",80,"PerfectTargeted",27534.5492585783,"CO2_Effect"
"329","CBDR_C",90,"PerfectTargeted",27308.2410965853,"CO2_Effect"
"330","CBDR_C",100,"PerfectTargeted",27098.8737522106,"CO2_Effect"
"331","Luxury&CBDR_C",0,"Null",30706.615004915,"CO2_Effect"
"332","Luxury&CBDR_C",10,"Null",29947.8123910505,"CO2_Effect"
"333","Luxury&CBDR_C",20,"Null",29323.830919183,"CO2_Effect"
"334","Luxury&CBDR_C",30,"Null",28786.5943210876,"CO2_Effect"
"335","Luxury&CBDR_C",40,"Null",28311.2864213841,"CO2_Effect"
"336","Luxury&CBDR_C",50,"Null",27882.8849551033,"CO2_Effect"
"337","Luxury&CBDR_C",60,"Null",27491.4598143058,"CO2_Effect"
"338","Luxury&CBDR_C",70,"Null",27130.0533044131,"CO2_Effect"
"339","Luxury&CBDR_C",80,"Null",26793.5796483099,"CO2_Effect"
"340","Luxury&CBDR_C",90,"Null",26478.1981664936,"CO2_Effect"
"341","Luxury&CBDR_C",100,"Null",26180.9316801171,"CO2_Effect"
"342","Luxury&CBDR_C",0,"Universal",30706.615004915,"CO2_Effect"
"343","Luxury&CBDR_C",10,"Universal",30077.1750020257,"CO2_Effect"
"344","Luxury&CBDR_C",20,"Universal",29573.2933827411,"CO2_Effect"
"345","Luxury&CBDR_C",30,"Universal",29149.3281243982,"CO2_Effect"
"346","Luxury&CBDR_C",40,"Universal",28781.899189942,"CO2_Effect"
"347","Luxury&CBDR_C",50,"Universal",28456.9412439512,"CO2_Effect"
"348","Luxury&CBDR_C",60,"Universal",28165.20694829,"CO2_Effect"
"349","Luxury&CBDR_C",70,"Universal",27900.248777096,"CO2_Effect"
"350","Luxury&CBDR_C",80,"Universal",27657.3753841112,"CO2_Effect"
"351","Luxury&CBDR_C",90,"Universal",27433.0592698611,"CO2_Effect"
"352","Luxury&CBDR_C",100,"Universal",27224.5773378798,"CO2_Effect"
"353","Luxury&CBDR_C",0,"Cash",30706.615004915,"CO2_Effect"
"354","Luxury&CBDR_C",10,"Cash",30080.0363951134,"CO2_Effect"
"355","Luxury&CBDR_C",20,"Cash",29578.754980221,"CO2_Effect"
"356","Luxury&CBDR_C",30,"Cash",29157.206261514,"CO2_Effect"
"357","Luxury&CBDR_C",40,"Cash",28792.0507523603,"CO2_Effect"
"358","Luxury&CBDR_C",50,"Cash",28469.2497915521,"CO2_Effect"
"359","Luxury&CBDR_C",60,"Cash",28179.5752977322,"CO2_Effect"
"360","Luxury&CBDR_C",70,"Cash",27916.5943519666,"CO2_Effect"
"361","Luxury&CBDR_C",80,"Cash",27675.6270392931,"CO2_Effect"
"362","Luxury&CBDR_C",90,"Cash",27453.1550066831,"CO2_Effect"
"363","Luxury&CBDR_C",100,"Cash",27246.4626015465,"CO2_Effect"
"364","Luxury&CBDR_C",0,"SP_current",30706.615004915,"CO2_Effect"
"365","Luxury&CBDR_C",10,"SP_current",30079.2566860798,"CO2_Effect"
"366","Luxury&CBDR_C",20,"SP_current",29577.3052334003,"CO2_Effect"
"367","Luxury&CBDR_C",30,"SP_current",29155.16124256,"CO2_Effect"
"368","Luxury&CBDR_C",40,"SP_current",28789.4669886061,"CO2_Effect"
"369","Luxury&CBDR_C",50,"SP_current",28466.1718888959,"CO2_Effect"
"370","Luxury&CBDR_C",60,"SP_current",28176.0393760971,"CO2_Effect"
"371","Luxury&CBDR_C",70,"SP_current",27912.6302021005,"CO2_Effect"
"372","Luxury&CBDR_C",80,"SP_current",27671.2595837887,"CO2_Effect"
"373","Luxury&CBDR_C",90,"SP_current",27448.4053382242,"CO2_Effect"
"374","Luxury&CBDR_C",100,"SP_current",27241.3487460014,"CO2_Effect"
"375","Luxury&CBDR_C",0,"SP_covid",30706.615004915,"CO2_Effect"
"376","Luxury&CBDR_C",10,"SP_covid",30078.5261373376,"CO2_Effect"
"377","Luxury&CBDR_C",20,"SP_covid",29575.9357619477,"CO2_Effect"
"378","Luxury&CBDR_C",30,"SP_covid",29153.2179803556,"CO2_Effect"
"379","Luxury&CBDR_C",40,"SP_covid",28787.0006704576,"CO2_Effect"
"380","Luxury&CBDR_C",50,"SP_covid",28463.2236536693,"CO2_Effect"
"381","Luxury&CBDR_C",60,"SP_covid",28172.6433535453,"CO2_Effect"
"382","Luxury&CBDR_C",70,"SP_covid",27908.8151485906,"CO2_Effect"
"383","Luxury&CBDR_C",80,"SP_covid",27667.0500139725,"CO2_Effect"
"384","Luxury&CBDR_C",90,"SP_covid",27443.8223512017,"CO2_Effect"
"385","Luxury&CBDR_C",100,"SP_covid",27236.4106496621,"CO2_Effect"
"386","Luxury&CBDR_C",0,"PerfectTargeted",30706.615004915,"CO2_Effect"
"387","Luxury&CBDR_C",10,"PerfectTargeted",30092.2206334555,"CO2_Effect"
"388","Luxury&CBDR_C",20,"PerfectTargeted",29596.4913683592,"CO2_Effect"
"389","Luxury&CBDR_C",30,"PerfectTargeted",29178.8000297976,"CO2_Effect"
"390","Luxury&CBDR_C",40,"PerfectTargeted",28818.257891572,"CO2_Effect"
"391","Luxury&CBDR_C",50,"PerfectTargeted",28498.2966502104,"CO2_Effect"
"392","Luxury&CBDR_C",60,"PerfectTargeted",28209.8265978865,"CO2_Effect"
"393","Luxury&CBDR_C",70,"PerfectTargeted",27950.8129265105,"CO2_Effect"
"394","Luxury&CBDR_C",80,"PerfectTargeted",27708.9829046071,"CO2_Effect"
"395","Luxury&CBDR_C",90,"PerfectTargeted",27488.0231236112,"CO2_Effect"
"396","Luxury&CBDR_C",100,"PerfectTargeted",27283.451575815,"CO2_Effect"
"397","Universal_P",0,"Null",1434.33603606044,"NPL_Effect"
"398","Universal_P",10,"Null",1471.05847452668,"NPL_Effect"
"399","Universal_P",20,"Null",1505.718927548,"NPL_Effect"
"400","Universal_P",30,"Null",1540.35284390146,"NPL_Effect"
"401","Universal_P",40,"Null",1579.31480291626,"NPL_Effect"
"402","Universal_P",50,"Null",1617.95938619279,"NPL_Effect"
"403","Universal_P",60,"Null",1654.51079214552,"NPL_Effect"
"404","Universal_P",70,"Null",1692.30183107957,"NPL_Effect"
"405","Universal_P",80,"Null",1731.06679022538,"NPL_Effect"
"406","Universal_P",90,"Null",1772.60117585109,"NPL_Effect"
"407","Universal_P",100,"Null",1814.31925092057,"NPL_Effect"
"408","Universal_P",0,"Universal",1434.33603606044,"NPL_Effect"
"409","Universal_P",10,"Universal",1399.22130655644,"NPL_Effect"
"410","Universal_P",20,"Universal",1366.67030225916,"NPL_Effect"
"411","Universal_P",30,"Universal",1335.79802931137,"NPL_Effect"
"412","Universal_P",40,"Universal",1306.07379487491,"NPL_Effect"
"413","Universal_P",50,"Universal",1276.70426536801,"NPL_Effect"
"414","Universal_P",60,"Universal",1249.57309044597,"NPL_Effect"
"415","Universal_P",70,"Universal",1220.04137754665,"NPL_Effect"
"416","Universal_P",80,"Universal",1190.8882995008,"NPL_Effect"
"417","Universal_P",90,"Universal",1164.02982338937,"NPL_Effect"
"418","Universal_P",100,"Universal",1136.02903515275,"NPL_Effect"
"419","Universal_P",0,"Cash",1434.33603606044,"NPL_Effect"
"420","Universal_P",10,"Cash",1382.59971402823,"NPL_Effect"
"421","Universal_P",20,"Cash",1345.47682497828,"NPL_Effect"
"422","Universal_P",30,"Cash",1326.81592294951,"NPL_Effect"
"423","Universal_P",40,"Cash",1328.90802628703,"NPL_Effect"
"424","Universal_P",50,"Cash",1338.6783731913,"NPL_Effect"
"425","Universal_P",60,"Cash",1349.25449379715,"NPL_Effect"
"426","Universal_P",70,"Cash",1360.9543432339,"NPL_Effect"
"427","Universal_P",80,"Cash",1374.07893989647,"NPL_Effect"
"428","Universal_P",90,"Cash",1392.49080195745,"NPL_Effect"
"429","Universal_P",100,"Cash",1408.91258218881,"NPL_Effect"
"430","Universal_P",0,"SP_current",1434.33603606044,"NPL_Effect"
"431","Universal_P",10,"SP_current",1386.19540442433,"NPL_Effect"
"432","Universal_P",20,"SP_current",1347.08786931725,"NPL_Effect"
"433","Universal_P",30,"SP_current",1316.62709612675,"NPL_Effect"
"434","Universal_P",40,"SP_current",1293.50841591737,"NPL_Effect"
"435","Universal_P",50,"SP_current",1271.58928689308,"NPL_Effect"
"436","Universal_P",60,"SP_current",1246.85799617735,"NPL_Effect"
"437","Universal_P",70,"SP_current",1221.50799222448,"NPL_Effect"
"438","Universal_P",80,"SP_current",1199.74696443359,"NPL_Effect"
"439","Universal_P",90,"SP_current",1181.91623087115,"NPL_Effect"
"440","Universal_P",100,"SP_current",1168.25303072823,"NPL_Effect"
"441","Universal_P",0,"SP_covid",1434.33603606044,"NPL_Effect"
"442","Universal_P",10,"SP_covid",1393.6512893363,"NPL_Effect"
"443","Universal_P",20,"SP_covid",1354.81424869347,"NPL_Effect"
"444","Universal_P",30,"SP_covid",1318.88146221176,"NPL_Effect"
"445","Universal_P",40,"SP_covid",1286.09788841929,"NPL_Effect"
"446","Universal_P",50,"SP_covid",1255.23482325354,"NPL_Effect"
"447","Universal_P",60,"SP_covid",1224.4674336411,"NPL_Effect"
"448","Universal_P",70,"SP_covid",1192.63265396695,"NPL_Effect"
"449","Universal_P",80,"SP_covid",1161.61318717491,"NPL_Effect"
"450","Universal_P",90,"SP_covid",1133.65056434807,"NPL_Effect"
"451","Universal_P",100,"SP_covid",1103.11063181327,"NPL_Effect"
"452","Universal_P",0,"PerfectTargeted",1434.33603606044,"NPL_Effect"
"453","Universal_P",10,"PerfectTargeted",1270.45241747874,"NPL_Effect"
"454","Universal_P",20,"PerfectTargeted",1168.75267044437,"NPL_Effect"
"455","Universal_P",30,"PerfectTargeted",1079.67242861065,"NPL_Effect"
"456","Universal_P",40,"PerfectTargeted",1045.49759507632,"NPL_Effect"
"457","Universal_P",50,"PerfectTargeted",993.32956260123,"NPL_Effect"
"458","Universal_P",60,"PerfectTargeted",951.23924076073,"NPL_Effect"
"459","Universal_P",70,"PerfectTargeted",898.962674256919,"NPL_Effect"
"460","Universal_P",80,"PerfectTargeted",869.285811216632,"NPL_Effect"
"461","Universal_P",90,"PerfectTargeted",842.379413251084,"NPL_Effect"
"462","Universal_P",100,"PerfectTargeted",818.967084338494,"NPL_Effect"
"463","Universal_C",0,"Null",1434.33603606044,"NPL_Effect"
"464","Universal_C",10,"Null",1471.05847452668,"NPL_Effect"
"465","Universal_C",20,"Null",1505.718927548,"NPL_Effect"
"466","Universal_C",30,"Null",1540.35284390146,"NPL_Effect"
"467","Universal_C",40,"Null",1579.31480291626,"NPL_Effect"
"468","Universal_C",50,"Null",1617.95938619279,"NPL_Effect"
"469","Universal_C",60,"Null",1654.51079214552,"NPL_Effect"
"470","Universal_C",70,"Null",1692.30183107957,"NPL_Effect"
"471","Universal_C",80,"Null",1731.06679022538,"NPL_Effect"
"472","Universal_C",90,"Null",1772.60117585109,"NPL_Effect"
"473","Universal_C",100,"Null",1814.31925092057,"NPL_Effect"
"474","Universal_C",0,"Universal",1434.33603606044,"NPL_Effect"
"475","Universal_C",10,"Universal",1391.52138736548,"NPL_Effect"
"476","Universal_C",20,"Universal",1350.89070408668,"NPL_Effect"
"477","Universal_C",30,"Universal",1311.9152985829,"NPL_Effect"
"478","Universal_C",40,"Universal",1274.57609603747,"NPL_Effect"
"479","Universal_C",50,"Universal",1238.5234877645,"NPL_Effect"
"480","Universal_C",60,"Universal",1202.83482857626,"NPL_Effect"
"481","Universal_C",70,"Universal",1166.86787936937,"NPL_Effect"
"482","Universal_C",80,"Universal",1129.79897432776,"NPL_Effect"
"483","Universal_C",90,"Universal",1095.05050725063,"NPL_Effect"
"484","Universal_C",100,"Universal",1059.86116824214,"NPL_Effect"
"485","Universal_C",0,"Cash",1434.33603606044,"NPL_Effect"
"486","Universal_C",10,"Cash",1373.05308338004,"NPL_Effect"
"487","Universal_C",20,"Cash",1330.70195015728,"NPL_Effect"
"488","Universal_C",30,"Cash",1306.45682568804,"NPL_Effect"
"489","Universal_C",40,"Cash",1305.66000081931,"NPL_Effect"
"490","Universal_C",50,"Cash",1313.65315283015,"NPL_Effect"
"491","Universal_C",60,"Cash",1321.19563457747,"NPL_Effect"
"492","Universal_C",70,"Cash",1334.43440435506,"NPL_Effect"
"493","Universal_C",80,"Cash",1348.95687562014,"NPL_Effect"
"494","Universal_C",90,"Cash",1367.29194703911,"NPL_Effect"
"495","Universal_C",100,"Cash",1386.04573542519,"NPL_Effect"
"496","Universal_C",0,"SP_current",1434.33603606044,"NPL_Effect"
"497","Universal_C",10,"SP_current",1376.6592353942,"NPL_Effect"
"498","Universal_C",20,"SP_current",1331.89303966449,"NPL_Effect"
"499","Universal_C",30,"SP_current",1295.5181456325,"NPL_Effect"
"500","Universal_C",40,"SP_current",1267.54797605433,"NPL_Effect"
"501","Universal_C",50,"SP_current",1239.84195370888,"NPL_Effect"
"502","Universal_C",60,"SP_current",1207.64796321036,"NPL_Effect"
"503","Universal_C",70,"SP_current",1178.83618501786,"NPL_Effect"
"504","Universal_C",80,"SP_current",1152.89146962181,"NPL_Effect"
"505","Universal_C",90,"SP_current",1131.51920592552,"NPL_Effect"
"506","Universal_C",100,"SP_current",1113.27660206921,"NPL_Effect"
"507","Universal_C",0,"SP_covid",1434.33603606044,"NPL_Effect"
"508","Universal_C",10,"SP_covid",1384.87105206857,"NPL_Effect"
"509","Universal_C",20,"SP_covid",1335.38998567405,"NPL_Effect"
"510","Universal_C",30,"SP_covid",1291.80769088247,"NPL_Effect"
"511","Universal_C",40,"SP_covid",1253.08905361442,"NPL_Effect"
"512","Universal_C",50,"SP_covid",1216.92038907123,"NPL_Effect"
"513","Universal_C",60,"SP_covid",1180.40290047739,"NPL_Effect"
"514","Universal_C",70,"SP_covid",1142.43397765336,"NPL_Effect"
"515","Universal_C",80,"SP_covid",1102.77249558773,"NPL_Effect"
"516","Universal_C",90,"SP_covid",1068.73993950788,"NPL_Effect"
"517","Universal_C",100,"SP_covid",1036.78890927274,"NPL_Effect"
"518","Universal_C",0,"PerfectTargeted",1434.33603606044,"NPL_Effect"
"519","Universal_C",10,"PerfectTargeted",1264.35289343084,"NPL_Effect"
"520","Universal_C",20,"PerfectTargeted",1124.09421860147,"NPL_Effect"
"521","Universal_C",30,"PerfectTargeted",1025.49917506136,"NPL_Effect"
"522","Universal_C",40,"PerfectTargeted",968.905794401066,"NPL_Effect"
"523","Universal_C",50,"PerfectTargeted",912.416788468049,"NPL_Effect"
"524","Universal_C",60,"PerfectTargeted",840.494543932121,"NPL_Effect"
"525","Universal_C",70,"PerfectTargeted",792.785068366703,"NPL_Effect"
"526","Universal_C",80,"PerfectTargeted",759.995669728243,"NPL_Effect"
"527","Universal_C",90,"PerfectTargeted",724.151297659338,"NPL_Effect"
"528","Universal_C",100,"PerfectTargeted",688.9757480527,"NPL_Effect"
"529","Luxury",0,"Null",1434.33603606044,"NPL_Effect"
"530","Luxury",10,"Null",1464.89323411146,"NPL_Effect"
"531","Luxury",20,"Null",1493.50838677106,"NPL_Effect"
"532","Luxury",30,"Null",1521.81845703324,"NPL_Effect"
"533","Luxury",40,"Null",1553.32197647012,"NPL_Effect"
"534","Luxury",50,"Null",1587.14459542916,"NPL_Effect"
"535","Luxury",60,"Null",1616.30807718025,"NPL_Effect"
"536","Luxury",70,"Null",1646.12437486975,"NPL_Effect"
"537","Luxury",80,"Null",1677.62715872714,"NPL_Effect"
"538","Luxury",90,"Null",1711.18836412438,"NPL_Effect"
"539","Luxury",100,"Null",1745.37150757478,"NPL_Effect"
"540","Luxury",0,"Universal",1434.33603606044,"NPL_Effect"
"541","Luxury",10,"Universal",1385.31470712236,"NPL_Effect"
"542","Luxury",20,"Universal",1339.33535325492,"NPL_Effect"
"543","Luxury",30,"Universal",1294.83830166396,"NPL_Effect"
"544","Luxury",40,"Universal",1252.30397875897,"NPL_Effect"
"545","Luxury",50,"Universal",1210.27033110568,"NPL_Effect"
"546","Luxury",60,"Universal",1168.10572780066,"NPL_Effect"
"547","Luxury",70,"Universal",1126.63014551887,"NPL_Effect"
"548","Luxury",80,"Universal",1087.15162509528,"NPL_Effect"
"549","Luxury",90,"Universal",1046.86799463706,"NPL_Effect"
"550","Luxury",100,"Universal",1009.020086494,"NPL_Effect"
"551","Luxury",0,"Cash",1434.33603606044,"NPL_Effect"
"552","Luxury",10,"Cash",1367.10119029286,"NPL_Effect"
"553","Luxury",20,"Cash",1319.24777010322,"NPL_Effect"
"554","Luxury",30,"Cash",1290.7916268975,"NPL_Effect"
"555","Luxury",40,"Cash",1284.94103468348,"NPL_Effect"
"556","Luxury",50,"Cash",1288.21389656722,"NPL_Effect"
"557","Luxury",60,"Cash",1292.0648974347,"NPL_Effect"
"558","Luxury",70,"Cash",1298.93349456558,"NPL_Effect"
"559","Luxury",80,"Cash",1309.55667492058,"NPL_Effect"
"560","Luxury",90,"Cash",1322.06335061517,"NPL_Effect"
"561","Luxury",100,"Cash",1332.95196646127,"NPL_Effect"
"562","Luxury",0,"SP_current",1434.33603606044,"NPL_Effect"
"563","Luxury",10,"SP_current",1370.98856086915,"NPL_Effect"
"564","Luxury",20,"SP_current",1320.84795445844,"NPL_Effect"
"565","Luxury",30,"SP_current",1279.05777685158,"NPL_Effect"
"566","Luxury",40,"SP_current",1244.4709103852,"NPL_Effect"
"567","Luxury",50,"SP_current",1209.49431892062,"NPL_Effect"
"568","Luxury",60,"SP_current",1174.76793248672,"NPL_Effect"
"569","Luxury",70,"SP_current",1141.71324215521,"NPL_Effect"
"570","Luxury",80,"SP_current",1114.47342097977,"NPL_Effect"
"571","Luxury",90,"SP_current",1090.82138288813,"NPL_Effect"
"572","Luxury",100,"SP_current",1071.8676101787,"NPL_Effect"
"573","Luxury",0,"SP_covid",1434.33603606044,"NPL_Effect"
"574","Luxury",10,"SP_covid",1378.70567863249,"NPL_Effect"
"575","Luxury",20,"SP_covid",1324.2940915601,"NPL_Effect"
"576","Luxury",30,"SP_covid",1275.17798229011,"NPL_Effect"
"577","Luxury",40,"SP_covid",1230.75254391749,"NPL_Effect"
"578","Luxury",50,"SP_covid",1189.62289885907,"NPL_Effect"
"579","Luxury",60,"SP_covid",1145.67993616076,"NPL_Effect"
"580","Luxury",70,"SP_covid",1100.9003457311,"NPL_Effect"
"581","Luxury",80,"SP_covid",1060.68609215741,"NPL_Effect"
"582","Luxury",90,"SP_covid",1023.17416419104,"NPL_Effect"
"583","Luxury",100,"SP_covid",989.671913619951,"NPL_Effect"
"584","Luxury",0,"PerfectTargeted",1434.33603606044,"NPL_Effect"
"585","Luxury",10,"PerfectTargeted",1255.32514374778,"NPL_Effect"
"586","Luxury",20,"PerfectTargeted",1113.24034838184,"NPL_Effect"
"587","Luxury",30,"PerfectTargeted",1012.47277351886,"NPL_Effect"
"588","Luxury",40,"PerfectTargeted",948.202328688079,"NPL_Effect"
"589","Luxury",50,"PerfectTargeted",890.542099646926,"NPL_Effect"
"590","Luxury",60,"PerfectTargeted",820.043648410621,"NPL_Effect"
"591","Luxury",70,"PerfectTargeted",774.117626441195,"NPL_Effect"
"592","Luxury",80,"PerfectTargeted",741.733922311308,"NPL_Effect"
"593","Luxury",90,"PerfectTargeted",704.527548253268,"NPL_Effect"
"594","Luxury",100,"PerfectTargeted",671.307033733982,"NPL_Effect"
"595","CBDR_P",0,"Null",1434.33603606044,"NPL_Effect"
"596","CBDR_P",10,"Null",1451.1798578682,"NPL_Effect"
"597","CBDR_P",20,"Null",1467.41985988796,"NPL_Effect"
"598","CBDR_P",30,"Null",1483.29720450121,"NPL_Effect"
"599","CBDR_P",40,"Null",1498.93863379567,"NPL_Effect"
"600","CBDR_P",50,"Null",1516.67862915939,"NPL_Effect"
"601","CBDR_P",60,"Null",1532.7505467971,"NPL_Effect"
"602","CBDR_P",70,"Null",1555.19214376127,"NPL_Effect"
"603","CBDR_P",80,"Null",1571.35009795694,"NPL_Effect"
"604","CBDR_P",90,"Null",1586.13910370992,"NPL_Effect"
"605","CBDR_P",100,"Null",1600.58003552443,"NPL_Effect"
"606","CBDR_P",0,"Universal",1434.33603606044,"NPL_Effect"
"607","CBDR_P",10,"Universal",1426.90044021442,"NPL_Effect"
"608","CBDR_P",20,"Universal",1420.02873201062,"NPL_Effect"
"609","CBDR_P",30,"Universal",1413.62044054818,"NPL_Effect"
"610","CBDR_P",40,"Universal",1407.46620045255,"NPL_Effect"
"611","CBDR_P",50,"Universal",1401.52759144306,"NPL_Effect"
"612","CBDR_P",60,"Universal",1396.26200433134,"NPL_Effect"
"613","CBDR_P",70,"Universal",1391.10664206272,"NPL_Effect"
"614","CBDR_P",80,"Universal",1392.06407132609,"NPL_Effect"
"615","CBDR_P",90,"Universal",1387.56177018726,"NPL_Effect"
"616","CBDR_P",100,"Universal",1383.67034183792,"NPL_Effect"
"617","CBDR_P",0,"Cash",1434.33603606044,"NPL_Effect"
"618","CBDR_P",10,"Cash",1417.12838652836,"NPL_Effect"
"619","CBDR_P",20,"Cash",1408.70374628234,"NPL_Effect"
"620","CBDR_P",30,"Cash",1402.62899723798,"NPL_Effect"
"621","CBDR_P",40,"Cash",1397.93662845713,"NPL_Effect"
"622","CBDR_P",50,"Cash",1395.96343146709,"NPL_Effect"
"623","CBDR_P",60,"Cash",1394.0207892986,"NPL_Effect"
"624","CBDR_P",70,"Cash",1398.54573506942,"NPL_Effect"
"625","CBDR_P",80,"Cash",1397.44587604699,"NPL_Effect"
"626","CBDR_P",90,"Cash",1395.0825246091,"NPL_Effect"
"627","CBDR_P",100,"Cash",1392.98880629347,"NPL_Effect"
"628","CBDR_P",0,"SP_current",1434.33603606044,"NPL_Effect"
"629","CBDR_P",10,"SP_current",1420.16816938526,"NPL_Effect"
"630","CBDR_P",20,"SP_current",1410.10970826176,"NPL_Effect"
"631","CBDR_P",30,"SP_current",1402.11474387962,"NPL_Effect"
"632","CBDR_P",40,"SP_current",1395.82832535323,"NPL_Effect"
"633","CBDR_P",50,"SP_current",1391.09706303641,"NPL_Effect"
"634","CBDR_P",60,"SP_current",1387.56863641183,"NPL_Effect"
"635","CBDR_P",70,"SP_current",1389.43947241987,"NPL_Effect"
"636","CBDR_P",80,"SP_current",1387.19109558539,"NPL_Effect"
"637","CBDR_P",90,"SP_current",1384.87471546509,"NPL_Effect"
"638","CBDR_P",100,"SP_current",1382.46799133002,"NPL_Effect"
"639","CBDR_P",0,"SP_covid",1434.33603606044,"NPL_Effect"
"640","CBDR_P",10,"SP_covid",1424.76442137346,"NPL_Effect"
"641","CBDR_P",20,"SP_covid",1415.74015858261,"NPL_Effect"
"642","CBDR_P",30,"SP_covid",1406.91310849326,"NPL_Effect"
"643","CBDR_P",40,"SP_covid",1398.95843066145,"NPL_Effect"
"644","CBDR_P",50,"SP_covid",1392.19152761243,"NPL_Effect"
"645","CBDR_P",60,"SP_covid",1386.41542155285,"NPL_Effect"
"646","CBDR_P",70,"SP_covid",1383.60898417607,"NPL_Effect"
"647","CBDR_P",80,"SP_covid",1378.41941392457,"NPL_Effect"
"648","CBDR_P",90,"SP_covid",1373.44596957513,"NPL_Effect"
"649","CBDR_P",100,"SP_covid",1368.70017496688,"NPL_Effect"
"650","CBDR_P",0,"PerfectTargeted",1434.33603606044,"NPL_Effect"
"651","CBDR_P",10,"PerfectTargeted",1381.17705835752,"NPL_Effect"
"652","CBDR_P",20,"PerfectTargeted",1353.00709243706,"NPL_Effect"
"653","CBDR_P",30,"PerfectTargeted",1335.99532649511,"NPL_Effect"
"654","CBDR_P",40,"PerfectTargeted",1318.19665920165,"NPL_Effect"
"655","CBDR_P",50,"PerfectTargeted",1313.67382193891,"NPL_Effect"
"656","CBDR_P",60,"PerfectTargeted",1267.70348612644,"NPL_Effect"
"657","CBDR_P",70,"PerfectTargeted",1254.79592330467,"NPL_Effect"
"658","CBDR_P",80,"PerfectTargeted",1221.42711444209,"NPL_Effect"
"659","CBDR_P",90,"PerfectTargeted",1203.85448163315,"NPL_Effect"
"660","CBDR_P",100,"PerfectTargeted",1190.86557182229,"NPL_Effect"
"661","CBDR_C",0,"Null",1434.33603606044,"NPL_Effect"
"662","CBDR_C",10,"Null",1447.47846299074,"NPL_Effect"
"663","CBDR_C",20,"Null",1459.88672979749,"NPL_Effect"
"664","CBDR_C",30,"Null",1472.05403517885,"NPL_Effect"
"665","CBDR_C",40,"Null",1484.22659802462,"NPL_Effect"
"666","CBDR_C",50,"Null",1498.42871563601,"NPL_Effect"
"667","CBDR_C",60,"Null",1511.0010833979,"NPL_Effect"
"668","CBDR_C",70,"Null",1524.11832870894,"NPL_Effect"
"669","CBDR_C",80,"Null",1536.93525270976,"NPL_Effect"
"670","CBDR_C",90,"Null",1548.46228106096,"NPL_Effect"
"671","CBDR_C",100,"Null",1559.47945127012,"NPL_Effect"
"672","CBDR_C",0,"Universal",1434.33603606044,"NPL_Effect"
"673","CBDR_C",10,"Universal",1422.54447652779,"NPL_Effect"
"674","CBDR_C",20,"Universal",1411.35764250705,"NPL_Effect"
"675","CBDR_C",30,"Universal",1400.73898310671,"NPL_Effect"
"676","CBDR_C",40,"Universal",1390.24047051078,"NPL_Effect"
"677","CBDR_C",50,"Universal",1380.10161992219,"NPL_Effect"
"678","CBDR_C",60,"Universal",1370.38822498223,"NPL_Effect"
"679","CBDR_C",70,"Universal",1360.36143882615,"NPL_Effect"
"680","CBDR_C",80,"Universal",1350.9074139359,"NPL_Effect"
"681","CBDR_C",90,"Universal",1341.53431903823,"NPL_Effect"
"682","CBDR_C",100,"Universal",1332.56390846103,"NPL_Effect"
"683","CBDR_C",0,"Cash",1434.33603606044,"NPL_Effect"
"684","CBDR_C",10,"Cash",1411.61615758106,"NPL_Effect"
"685","CBDR_C",20,"Cash",1395.91266313456,"NPL_Effect"
"686","CBDR_C",30,"Cash",1383.65827274053,"NPL_Effect"
"687","CBDR_C",40,"Cash",1374.23422571777,"NPL_Effect"
"688","CBDR_C",50,"Cash",1367.33588225828,"NPL_Effect"
"689","CBDR_C",60,"Cash",1360.86978360567,"NPL_Effect"
"690","CBDR_C",70,"Cash",1355.08691645627,"NPL_Effect"
"691","CBDR_C",80,"Cash",1348.78310625166,"NPL_Effect"
"692","CBDR_C",90,"Cash",1343.2260899484,"NPL_Effect"
"693","CBDR_C",100,"Cash",1337.12167518783,"NPL_Effect"
"694","CBDR_C",0,"SP_current",1434.33603606044,"NPL_Effect"
"695","CBDR_C",10,"SP_current",1416.13888975507,"NPL_Effect"
"696","CBDR_C",20,"SP_current",1401.80566209585,"NPL_Effect"
"697","CBDR_C",30,"SP_current",1388.10316026516,"NPL_Effect"
"698","CBDR_C",40,"SP_current",1375.44941835762,"NPL_Effect"
"699","CBDR_C",50,"SP_current",1365.0915812367,"NPL_Effect"
"700","CBDR_C",60,"SP_current",1355.51931687345,"NPL_Effect"
"701","CBDR_C",70,"SP_current",1347.06446806174,"NPL_Effect"
"702","CBDR_C",80,"SP_current",1339.56107815985,"NPL_Effect"
"703","CBDR_C",90,"SP_current",1331.72525713338,"NPL_Effect"
"704","CBDR_C",100,"SP_current",1322.82896533364,"NPL_Effect"
"705","CBDR_C",0,"SP_covid",1434.33603606044,"NPL_Effect"
"706","CBDR_C",10,"SP_covid",1420.43729490646,"NPL_Effect"
"707","CBDR_C",20,"SP_covid",1407.05573596534,"NPL_Effect"
"708","CBDR_C",30,"SP_covid",1393.69376848006,"NPL_Effect"
"709","CBDR_C",40,"SP_covid",1381.53763698266,"NPL_Effect"
"710","CBDR_C",50,"SP_covid",1370.57981921583,"NPL_Effect"
"711","CBDR_C",60,"SP_covid",1360.22100774059,"NPL_Effect"
"712","CBDR_C",70,"SP_covid",1349.96071030012,"NPL_Effect"
"713","CBDR_C",80,"SP_covid",1339.69435093512,"NPL_Effect"
"714","CBDR_C",90,"SP_covid",1329.16792148008,"NPL_Effect"
"715","CBDR_C",100,"SP_covid",1318.60348059158,"NPL_Effect"
"716","CBDR_C",0,"PerfectTargeted",1434.33603606044,"NPL_Effect"
"717","CBDR_C",10,"PerfectTargeted",1372.28650259334,"NPL_Effect"
"718","CBDR_C",20,"PerfectTargeted",1341.38049455367,"NPL_Effect"
"719","CBDR_C",30,"PerfectTargeted",1310.16521580458,"NPL_Effect"
"720","CBDR_C",40,"PerfectTargeted",1289.94201961397,"NPL_Effect"
"721","CBDR_C",50,"PerfectTargeted",1282.10649313698,"NPL_Effect"
"722","CBDR_C",60,"PerfectTargeted",1225.37084913522,"NPL_Effect"
"723","CBDR_C",70,"PerfectTargeted",1210.58433575897,"NPL_Effect"
"724","CBDR_C",80,"PerfectTargeted",1168.42905937581,"NPL_Effect"
"725","CBDR_C",90,"PerfectTargeted",1148.29360474038,"NPL_Effect"
"726","CBDR_C",100,"PerfectTargeted",1127.6368156775,"NPL_Effect"
"727","Luxury&CBDR_C",0,"Null",1434.33603606044,"NPL_Effect"
"728","Luxury&CBDR_C",10,"Null",1446.37766240619,"NPL_Effect"
"729","Luxury&CBDR_C",20,"Null",1457.70302113516,"NPL_Effect"
"730","Luxury&CBDR_C",30,"Null",1468.67362665978,"NPL_Effect"
"731","Luxury&CBDR_C",40,"Null",1479.49155355883,"NPL_Effect"
"732","Luxury&CBDR_C",50,"Null",1492.52022880362,"NPL_Effect"
"733","Luxury&CBDR_C",60,"Null",1503.68361706371,"NPL_Effect"
"734","Luxury&CBDR_C",70,"Null",1516.23433361674,"NPL_Effect"
"735","Luxury&CBDR_C",80,"Null",1526.83895259883,"NPL_Effect"
"736","Luxury&CBDR_C",90,"Null",1538.61139843858,"NPL_Effect"
"737","Luxury&CBDR_C",100,"Null",1548.32514396591,"NPL_Effect"
"738","Luxury&CBDR_C",0,"Universal",1434.33603606044,"NPL_Effect"
"739","Luxury&CBDR_C",10,"Universal",1421.29228656748,"NPL_Effect"
"740","Luxury&CBDR_C",20,"Universal",1408.91495574623,"NPL_Effect"
"741","Luxury&CBDR_C",30,"Universal",1396.96371780556,"NPL_Effect"
"742","Luxury&CBDR_C",40,"Universal",1385.38047676788,"NPL_Effect"
"743","Luxury&CBDR_C",50,"Universal",1373.82838963885,"NPL_Effect"
"744","Luxury&CBDR_C",60,"Universal",1361.77030215608,"NPL_Effect"
"745","Luxury&CBDR_C",70,"Universal",1351.81970714045,"NPL_Effect"
"746","Luxury&CBDR_C",80,"Universal",1341.12066747018,"NPL_Effect"
"747","Luxury&CBDR_C",90,"Universal",1331.02851711672,"NPL_Effect"
"748","Luxury&CBDR_C",100,"Universal",1321.3229732494,"NPL_Effect"
"749","Luxury&CBDR_C",0,"Cash",1434.33603606044,"NPL_Effect"
"750","Luxury&CBDR_C",10,"Cash",1410.25784933115,"NPL_Effect"
"751","Luxury&CBDR_C",20,"Cash",1393.7442104229,"NPL_Effect"
"752","Luxury&CBDR_C",30,"Cash",1380.50483235225,"NPL_Effect"
"753","Luxury&CBDR_C",40,"Cash",1369.93457676657,"NPL_Effect"
"754","Luxury&CBDR_C",50,"Cash",1362.2173318504,"NPL_Effect"
"755","Luxury&CBDR_C",60,"Cash",1354.36459287513,"NPL_Effect"
"756","Luxury&CBDR_C",70,"Cash",1347.89204978301,"NPL_Effect"
"757","Luxury&CBDR_C",80,"Cash",1339.68672778057,"NPL_Effect"
"758","Luxury&CBDR_C",90,"Cash",1334.14918715606,"NPL_Effect"
"759","Luxury&CBDR_C",100,"Cash",1325.77186125441,"NPL_Effect"
"760","Luxury&CBDR_C",0,"SP_current",1434.33603606044,"NPL_Effect"
"761","Luxury&CBDR_C",10,"SP_current",1414.98267819429,"NPL_Effect"
"762","Luxury&CBDR_C",20,"SP_current",1399.18387950031,"NPL_Effect"
"763","Luxury&CBDR_C",30,"SP_current",1383.93068878216,"NPL_Effect"
"764","Luxury&CBDR_C",40,"SP_current",1370.89298584445,"NPL_Effect"
"765","Luxury&CBDR_C",50,"SP_current",1359.65431777654,"NPL_Effect"
"766","Luxury&CBDR_C",60,"SP_current",1348.76162974645,"NPL_Effect"
"767","Luxury&CBDR_C",70,"SP_current",1339.51658904386,"NPL_Effect"
"768","Luxury&CBDR_C",80,"SP_current",1330.41598738809,"NPL_Effect"
"769","Luxury&CBDR_C",90,"SP_current",1322.87333848879,"NPL_Effect"
"770","Luxury&CBDR_C",100,"SP_current",1314.22572962177,"NPL_Effect"
"771","Luxury&CBDR_C",0,"SP_covid",1434.33603606044,"NPL_Effect"
"772","Luxury&CBDR_C",10,"SP_covid",1419.19364864336,"NPL_Effect"
"773","Luxury&CBDR_C",20,"SP_covid",1404.57015044585,"NPL_Effect"
"774","Luxury&CBDR_C",30,"SP_covid",1389.92702373613,"NPL_Effect"
"775","Luxury&CBDR_C",40,"SP_covid",1376.85489829113,"NPL_Effect"
"776","Luxury&CBDR_C",50,"SP_covid",1364.91917611366,"NPL_Effect"
"777","Luxury&CBDR_C",60,"SP_covid",1352.46047701119,"NPL_Effect"
"778","Luxury&CBDR_C",70,"SP_covid",1341.85026252447,"NPL_Effect"
"779","Luxury&CBDR_C",80,"SP_covid",1330.03290215633,"NPL_Effect"
"780","Luxury&CBDR_C",90,"SP_covid",1318.59226442657,"NPL_Effect"
"781","Luxury&CBDR_C",100,"SP_covid",1307.46217552912,"NPL_Effect"
"782","Luxury&CBDR_C",0,"PerfectTargeted",1434.33603606044,"NPL_Effect"
"783","Luxury&CBDR_C",10,"PerfectTargeted",1371.11740519464,"NPL_Effect"
"784","Luxury&CBDR_C",20,"PerfectTargeted",1339.34720954692,"NPL_Effect"
"785","Luxury&CBDR_C",30,"PerfectTargeted",1306.96511156619,"NPL_Effect"
"786","Luxury&CBDR_C",40,"PerfectTargeted",1286.16891147945,"NPL_Effect"
"787","Luxury&CBDR_C",50,"PerfectTargeted",1275.17610167092,"NPL_Effect"
"788","Luxury&CBDR_C",60,"PerfectTargeted",1217.71347500201,"NPL_Effect"
"789","Luxury&CBDR_C",70,"PerfectTargeted",1201.19808848755,"NPL_Effect"
"790","Luxury&CBDR_C",80,"PerfectTargeted",1158.01392857053,"NPL_Effect"
"791","Luxury&CBDR_C",90,"PerfectTargeted",1136.8364327893,"NPL_Effect"
"792","Luxury&CBDR_C",100,"PerfectTargeted",1115.57855550847,"NPL_Effect"
"793","Universal_P",0,"Null",707.091618230261,"IPL_Effect"
"794","Universal_P",10,"Null",727.019038072824,"IPL_Effect"
"795","Universal_P",20,"Null",746.693884319525,"IPL_Effect"
"796","Universal_P",30,"Null",765.858531370164,"IPL_Effect"
"797","Universal_P",40,"Null",784.563506899636,"IPL_Effect"
"798","Universal_P",50,"Null",804.401514083207,"IPL_Effect"
"799","Universal_P",60,"Null",824.746136676951,"IPL_Effect"
"800","Universal_P",70,"Null",845.463250891165,"IPL_Effect"
"801","Universal_P",80,"Null",867.228647041267,"IPL_Effect"
"802","Universal_P",90,"Null",892.590658672098,"IPL_Effect"
"803","Universal_P",100,"Null",921.599784848433,"IPL_Effect"
"804","Universal_P",0,"Universal",707.091618230261,"IPL_Effect"
"805","Universal_P",10,"Universal",681.552928802126,"IPL_Effect"
"806","Universal_P",20,"Universal",658.480562496628,"IPL_Effect"
"807","Universal_P",30,"Universal",636.496059380302,"IPL_Effect"
"808","Universal_P",40,"Universal",614.825394909616,"IPL_Effect"
"809","Universal_P",50,"Universal",593.442591697465,"IPL_Effect"
"810","Universal_P",60,"Universal",572.327200623836,"IPL_Effect"
"811","Universal_P",70,"Universal",553.468605302738,"IPL_Effect"
"812","Universal_P",80,"Universal",536.056451506749,"IPL_Effect"
"813","Universal_P",90,"Universal",520.956422488474,"IPL_Effect"
"814","Universal_P",100,"Universal",506.668168674306,"IPL_Effect"
"815","Universal_P",0,"Cash",707.091618230261,"IPL_Effect"
"816","Universal_P",10,"Cash",668.316770848481,"IPL_Effect"
"817","Universal_P",20,"Cash",649.963673864284,"IPL_Effect"
"818","Universal_P",30,"Cash",646.295886083645,"IPL_Effect"
"819","Universal_P",40,"Cash",650.986494375469,"IPL_Effect"
"820","Universal_P",50,"Cash",659.515900846566,"IPL_Effect"
"821","Universal_P",60,"Cash",670.241540577362,"IPL_Effect"
"822","Universal_P",70,"Cash",682.188991352578,"IPL_Effect"
"823","Universal_P",80,"Cash",695.2337339877,"IPL_Effect"
"824","Universal_P",90,"Cash",710.85012108057,"IPL_Effect"
"825","Universal_P",100,"Cash",731.036753380524,"IPL_Effect"
"826","Universal_P",0,"SP_current",707.091618230261,"IPL_Effect"
"827","Universal_P",10,"SP_current",673.975214416386,"IPL_Effect"
"828","Universal_P",20,"SP_current",648.289189306759,"IPL_Effect"
"829","Universal_P",30,"SP_current",626.296167321572,"IPL_Effect"
"830","Universal_P",40,"SP_current",605.494367262562,"IPL_Effect"
"831","Universal_P",50,"SP_current",588.192243347649,"IPL_Effect"
"832","Universal_P",60,"SP_current",573.956153623843,"IPL_Effect"
"833","Universal_P",70,"SP_current",563.075534629872,"IPL_Effect"
"834","Universal_P",80,"SP_current",555.533723857312,"IPL_Effect"
"835","Universal_P",90,"SP_current",553.885586545242,"IPL_Effect"
"836","Universal_P",100,"SP_current",557.432393572456,"IPL_Effect"
"837","Universal_P",0,"SP_covid",707.091618230261,"IPL_Effect"
"838","Universal_P",10,"SP_covid",676.779998575639,"IPL_Effect"
"839","Universal_P",20,"SP_covid",650.100034665747,"IPL_Effect"
"840","Universal_P",30,"SP_covid",625.684405339912,"IPL_Effect"
"841","Universal_P",40,"SP_covid",602.609612418724,"IPL_Effect"
"842","Universal_P",50,"SP_covid",581.14590144872,"IPL_Effect"
"843","Universal_P",60,"SP_covid",560.431494073022,"IPL_Effect"
"844","Universal_P",70,"SP_covid",542.555067283091,"IPL_Effect"
"845","Universal_P",80,"SP_covid",526.783856711617,"IPL_Effect"
"846","Universal_P",90,"SP_covid",514.472095136,"IPL_Effect"
"847","Universal_P",100,"SP_covid",505.071812616726,"IPL_Effect"
"848","Universal_P",0,"PerfectTargeted",707.091618230261,"IPL_Effect"
"849","Universal_P",10,"PerfectTargeted",547.828348860286,"IPL_Effect"
"850","Universal_P",20,"PerfectTargeted",507.452706174992,"IPL_Effect"
"851","Universal_P",30,"PerfectTargeted",471.697399347505,"IPL_Effect"
"852","Universal_P",40,"PerfectTargeted",460.172910205515,"IPL_Effect"
"853","Universal_P",50,"PerfectTargeted",449.679511000999,"IPL_Effect"
"854","Universal_P",60,"PerfectTargeted",442.081014424081,"IPL_Effect"
"855","Universal_P",70,"PerfectTargeted",436.701874744108,"IPL_Effect"
"856","Universal_P",80,"PerfectTargeted",433.302205497068,"IPL_Effect"
"857","Universal_P",90,"PerfectTargeted",431.885084293894,"IPL_Effect"
"858","Universal_P",100,"PerfectTargeted",429.66855088292,"IPL_Effect"
"859","Universal_C",0,"Null",707.091618230261,"IPL_Effect"
"860","Universal_C",10,"Null",727.019038072824,"IPL_Effect"
"861","Universal_C",20,"Null",746.693884319525,"IPL_Effect"
"862","Universal_C",30,"Null",765.858531370164,"IPL_Effect"
"863","Universal_C",40,"Null",784.563506899636,"IPL_Effect"
"864","Universal_C",50,"Null",804.401514083207,"IPL_Effect"
"865","Universal_C",60,"Null",824.746136676951,"IPL_Effect"
"866","Universal_C",70,"Null",845.463250891165,"IPL_Effect"
"867","Universal_C",80,"Null",867.228647041267,"IPL_Effect"
"868","Universal_C",90,"Null",892.590658672098,"IPL_Effect"
"869","Universal_C",100,"Null",921.599784848433,"IPL_Effect"
"870","Universal_C",0,"Universal",707.091618230261,"IPL_Effect"
"871","Universal_C",10,"Universal",677.653182981617,"IPL_Effect"
"872","Universal_C",20,"Universal",649.459083604047,"IPL_Effect"
"873","Universal_C",30,"Universal",622.260789964627,"IPL_Effect"
"874","Universal_C",40,"Universal",596.705085995129,"IPL_Effect"
"875","Universal_C",50,"Universal",571.882879462321,"IPL_Effect"
"876","Universal_C",60,"Universal",548.060825597155,"IPL_Effect"
"877","Universal_C",70,"Universal",525.919249322045,"IPL_Effect"
"878","Universal_C",80,"Universal",504.617184794855,"IPL_Effect"
"879","Universal_C",90,"Universal",485.625686948412,"IPL_Effect"
"880","Universal_C",100,"Universal",467.198409715383,"IPL_Effect"
"881","Universal_C",0,"Cash",707.091618230261,"IPL_Effect"
"882","Universal_C",10,"Cash",663.811247913459,"IPL_Effect"
"883","Universal_C",20,"Cash",643.761138028093,"IPL_Effect"
"884","Universal_C",30,"Cash",640.32664332841,"IPL_Effect"
"885","Universal_C",40,"Cash",643.774472115996,"IPL_Effect"
"886","Universal_C",50,"Cash",651.624893292581,"IPL_Effect"
"887","Universal_C",60,"Cash",661.178289322767,"IPL_Effect"
"888","Universal_C",70,"Cash",672.523523629614,"IPL_Effect"
"889","Universal_C",80,"Cash",685.515046640782,"IPL_Effect"
"890","Universal_C",90,"Cash",701.089583406016,"IPL_Effect"
"891","Universal_C",100,"Cash",721.354458302941,"IPL_Effect"
"892","Universal_C",0,"SP_current",707.091618230261,"IPL_Effect"
"893","Universal_C",10,"SP_current",669.239266791585,"IPL_Effect"
"894","Universal_C",20,"SP_current",640.317068508889,"IPL_Effect"
"895","Universal_C",30,"SP_current",615.984357205426,"IPL_Effect"
"896","Universal_C",40,"SP_current",594.560259907024,"IPL_Effect"
"897","Universal_C",50,"SP_current",575.777613599819,"IPL_Effect"
"898","Universal_C",60,"SP_current",556.600908274556,"IPL_Effect"
"899","Universal_C",70,"SP_current",542.330256455587,"IPL_Effect"
"900","Universal_C",80,"SP_current",531.707215754074,"IPL_Effect"
"901","Universal_C",90,"SP_current",526.564456812702,"IPL_Effect"
"902","Universal_C",100,"SP_current",527.704687259584,"IPL_Effect"
"903","Universal_C",0,"SP_covid",707.091618230261,"IPL_Effect"
"904","Universal_C",10,"SP_covid",671.579045757869,"IPL_Effect"
"905","Universal_C",20,"SP_covid",639.909984432085,"IPL_Effect"
"906","Universal_C",30,"SP_covid",611.816101070695,"IPL_Effect"
"907","Universal_C",40,"SP_covid",586.13425760542,"IPL_Effect"
"908","Universal_C",50,"SP_covid",563.114630797322,"IPL_Effect"
"909","Universal_C",60,"SP_covid",541.793287432809,"IPL_Effect"
"910","Universal_C",70,"SP_covid",522.604553840725,"IPL_Effect"
"911","Universal_C",80,"SP_covid",504.437710380107,"IPL_Effect"
"912","Universal_C",90,"SP_covid",489.522468287397,"IPL_Effect"
"913","Universal_C",100,"SP_covid",477.381045519371,"IPL_Effect"
"914","Universal_C",0,"PerfectTargeted",707.091618230261,"IPL_Effect"
"915","Universal_C",10,"PerfectTargeted",541.050612774776,"IPL_Effect"
"916","Universal_C",20,"PerfectTargeted",493.829335793395,"IPL_Effect"
"917","Universal_C",30,"PerfectTargeted",460.034798484879,"IPL_Effect"
"918","Universal_C",40,"PerfectTargeted",441.379873701696,"IPL_Effect"
"919","Universal_C",50,"PerfectTargeted",421.391422373076,"IPL_Effect"
"920","Universal_C",60,"PerfectTargeted",402.708460262705,"IPL_Effect"
"921","Universal_C",70,"PerfectTargeted",393.508763886351,"IPL_Effect"
"922","Universal_C",80,"PerfectTargeted",384.404349131263,"IPL_Effect"
"923","Universal_C",90,"PerfectTargeted",374.895670545705,"IPL_Effect"
"924","Universal_C",100,"PerfectTargeted",370.564930903543,"IPL_Effect"
"925","Luxury",0,"Null",707.091618230261,"IPL_Effect"
"926","Luxury",10,"Null",722.134287328238,"IPL_Effect"
"927","Luxury",20,"Null",737.115048589988,"IPL_Effect"
"928","Luxury",30,"Null",751.253523002246,"IPL_Effect"
"929","Luxury",40,"Null",764.885078737355,"IPL_Effect"
"930","Luxury",50,"Null",778.895464760127,"IPL_Effect"
"931","Luxury",60,"Null",793.630345119374,"IPL_Effect"
"932","Luxury",70,"Null",808.218227592938,"IPL_Effect"
"933","Luxury",80,"Null",823.246645889482,"IPL_Effect"
"934","Luxury",90,"Null",839.116301674278,"IPL_Effect"
"935","Luxury",100,"Null",860.441657151461,"IPL_Effect"
"936","Luxury",0,"Universal",707.091618230261,"IPL_Effect"
"937","Luxury",10,"Universal",672.782622385022,"IPL_Effect"
"938","Luxury",20,"Universal",640.602575357795,"IPL_Effect"
"939","Luxury",30,"Universal",610.005911090936,"IPL_Effect"
"940","Luxury",40,"Universal",581.030348052812,"IPL_Effect"
"941","Luxury",50,"Universal",553.657962870173,"IPL_Effect"
"942","Luxury",60,"Universal",528.471071781385,"IPL_Effect"
"943","Luxury",70,"Universal",504.721383545652,"IPL_Effect"
"944","Luxury",80,"Universal",483.520825455909,"IPL_Effect"
"945","Luxury",90,"Universal",463.879804572292,"IPL_Effect"
"946","Luxury",100,"Universal",448.236270199103,"IPL_Effect"
"947","Luxury",0,"Cash",707.091618230261,"IPL_Effect"
"948","Luxury",10,"Cash",659.444554677538,"IPL_Effect"
"949","Luxury",20,"Cash",636.496373864513,"IPL_Effect"
"950","Luxury",30,"Cash",630.298982215582,"IPL_Effect"
"951","Luxury",40,"Cash",630.599302406422,"IPL_Effect"
"952","Luxury",50,"Cash",634.782957460645,"IPL_Effect"
"953","Luxury",60,"Cash",640.957070882219,"IPL_Effect"
"954","Luxury",70,"Cash",648.552120211375,"IPL_Effect"
"955","Luxury",80,"Cash",657.467755550684,"IPL_Effect"
"956","Luxury",90,"Cash",667.24897786628,"IPL_Effect"
"957","Luxury",100,"Cash",682.865593209795,"IPL_Effect"
"958","Luxury",0,"SP_current",707.091618230261,"IPL_Effect"
"959","Luxury",10,"SP_current",664.740886234046,"IPL_Effect"
"960","Luxury",20,"SP_current",631.97638331059,"IPL_Effect"
"961","Luxury",30,"SP_current",604.368379746114,"IPL_Effect"
"962","Luxury",40,"SP_current",580.219415073611,"IPL_Effect"
"963","Luxury",50,"SP_current",559.11177483064,"IPL_Effect"
"964","Luxury",60,"SP_current",538.943720501496,"IPL_Effect"
"965","Luxury",70,"SP_current",523.327826817937,"IPL_Effect"
"966","Luxury",80,"SP_current",514.001692722914,"IPL_Effect"
"967","Luxury",90,"SP_current",508.137134910786,"IPL_Effect"
"968","Luxury",100,"SP_current",509.024757874148,"IPL_Effect"
"969","Luxury",0,"SP_covid",707.091618230261,"IPL_Effect"
"970","Luxury",10,"SP_covid",666.769357862014,"IPL_Effect"
"971","Luxury",20,"SP_covid",631.457293369534,"IPL_Effect"
"972","Luxury",30,"SP_covid",600.26927809685,"IPL_Effect"
"973","Luxury",40,"SP_covid",571.491078416319,"IPL_Effect"
"974","Luxury",50,"SP_covid",545.942206168321,"IPL_Effect"
"975","Luxury",60,"SP_covid",523.831051235135,"IPL_Effect"
"976","Luxury",70,"SP_covid",503.164771790171,"IPL_Effect"
"977","Luxury",80,"SP_covid",485.292864477535,"IPL_Effect"
"978","Luxury",90,"SP_covid",469.351671770989,"IPL_Effect"
"979","Luxury",100,"SP_covid",460.269242985909,"IPL_Effect"
"980","Luxury",0,"PerfectTargeted",707.091618230261,"IPL_Effect"
"981","Luxury",10,"PerfectTargeted",537.861679332009,"IPL_Effect"
"982","Luxury",20,"PerfectTargeted",489.220595389854,"IPL_Effect"
"983","Luxury",30,"PerfectTargeted",455.313015200408,"IPL_Effect"
"984","Luxury",40,"PerfectTargeted",436.164178522328,"IPL_Effect"
"985","Luxury",50,"PerfectTargeted",416.492658156485,"IPL_Effect"
"986","Luxury",60,"PerfectTargeted",398.943920979827,"IPL_Effect"
"987","Luxury",70,"PerfectTargeted",389.848412619163,"IPL_Effect"
"988","Luxury",80,"PerfectTargeted",380.800672334236,"IPL_Effect"
"989","Luxury",90,"PerfectTargeted",370.119014368388,"IPL_Effect"
"990","Luxury",100,"PerfectTargeted",367.022900289158,"IPL_Effect"
"991","CBDR_P",0,"Null",707.091618230261,"IPL_Effect"
"992","CBDR_P",10,"Null",713.789869275264,"IPL_Effect"
"993","CBDR_P",20,"Null",720.406986238123,"IPL_Effect"
"994","CBDR_P",30,"Null",726.954528827098,"IPL_Effect"
"995","CBDR_P",40,"Null",733.469231756858,"IPL_Effect"
"996","CBDR_P",50,"Null",739.499815709752,"IPL_Effect"
"997","CBDR_P",60,"Null",745.375116019227,"IPL_Effect"
"998","CBDR_P",70,"Null",751.118078387856,"IPL_Effect"
"999","CBDR_P",80,"Null",756.975390736637,"IPL_Effect"
"1000","CBDR_P",90,"Null",762.785153675303,"IPL_Effect"
"1001","CBDR_P",100,"Null",768.829129025195,"IPL_Effect"
"1002","CBDR_P",0,"Universal",707.091618230261,"IPL_Effect"
"1003","CBDR_P",10,"Universal",705.669864827507,"IPL_Effect"
"1004","CBDR_P",20,"Universal",703.113823103925,"IPL_Effect"
"1005","CBDR_P",30,"Universal",701.622959844364,"IPL_Effect"
"1006","CBDR_P",40,"Universal",700.830257588157,"IPL_Effect"
"1007","CBDR_P",50,"Universal",700.198678117134,"IPL_Effect"
"1008","CBDR_P",60,"Universal",699.285187082327,"IPL_Effect"
"1009","CBDR_P",70,"Universal",698.422937740837,"IPL_Effect"
"1010","CBDR_P",80,"Universal",697.654883668514,"IPL_Effect"
"1011","CBDR_P",90,"Universal",696.929881381676,"IPL_Effect"
"1012","CBDR_P",100,"Universal",696.132441433963,"IPL_Effect"
"1013","CBDR_P",0,"Cash",707.091618230261,"IPL_Effect"
"1014","CBDR_P",10,"Cash",700.827997694374,"IPL_Effect"
"1015","CBDR_P",20,"Cash",696.573300128167,"IPL_Effect"
"1016","CBDR_P",30,"Cash",693.531350750474,"IPL_Effect"
"1017","CBDR_P",40,"Cash",691.029349934915,"IPL_Effect"
"1018","CBDR_P",50,"Cash",688.056556392603,"IPL_Effect"
"1019","CBDR_P",60,"Cash",684.942338001474,"IPL_Effect"
"1020","CBDR_P",70,"Cash",682.062587780505,"IPL_Effect"
"1021","CBDR_P",80,"Cash",680.177556442669,"IPL_Effect"
"1022","CBDR_P",90,"Cash",678.485064171159,"IPL_Effect"
"1023","CBDR_P",100,"Cash",677.294043919168,"IPL_Effect"
"1024","CBDR_P",0,"SP_current",707.091618230261,"IPL_Effect"
"1025","CBDR_P",10,"SP_current",702.296348917018,"IPL_Effect"
"1026","CBDR_P",20,"SP_current",698.537748007922,"IPL_Effect"
"1027","CBDR_P",30,"SP_current",695.981535116315,"IPL_Effect"
"1028","CBDR_P",40,"SP_current",694.005314199636,"IPL_Effect"
"1029","CBDR_P",50,"SP_current",692.222308595425,"IPL_Effect"
"1030","CBDR_P",60,"SP_current",690.487525868202,"IPL_Effect"
"1031","CBDR_P",70,"SP_current",688.842584616868,"IPL_Effect"
"1032","CBDR_P",80,"SP_current",687.209517944735,"IPL_Effect"
"1033","CBDR_P",90,"SP_current",685.331843763995,"IPL_Effect"
"1034","CBDR_P",100,"SP_current",683.270267398362,"IPL_Effect"
"1035","CBDR_P",0,"SP_covid",707.091618230261,"IPL_Effect"
"1036","CBDR_P",10,"SP_covid",704.031611225493,"IPL_Effect"
"1037","CBDR_P",20,"SP_covid",699.944039456649,"IPL_Effect"
"1038","CBDR_P",30,"SP_covid",697.185171959246,"IPL_Effect"
"1039","CBDR_P",40,"SP_covid",695.211438539185,"IPL_Effect"
"1040","CBDR_P",50,"SP_covid",693.226680694486,"IPL_Effect"
"1041","CBDR_P",60,"SP_covid",691.459308139514,"IPL_Effect"
"1042","CBDR_P",70,"SP_covid",689.849187917987,"IPL_Effect"
"1043","CBDR_P",80,"SP_covid",688.325669116743,"IPL_Effect"
"1044","CBDR_P",90,"SP_covid",686.688375858588,"IPL_Effect"
"1045","CBDR_P",100,"SP_covid",684.97963958303,"IPL_Effect"
"1046","CBDR_P",0,"PerfectTargeted",707.091618230261,"IPL_Effect"
"1047","CBDR_P",10,"PerfectTargeted",690.811811564174,"IPL_Effect"
"1048","CBDR_P",20,"PerfectTargeted",676.818681607946,"IPL_Effect"
"1049","CBDR_P",30,"PerfectTargeted",636.165594289971,"IPL_Effect"
"1050","CBDR_P",40,"PerfectTargeted",598.515945203006,"IPL_Effect"
"1051","CBDR_P",50,"PerfectTargeted",565.463268184967,"IPL_Effect"
"1052","CBDR_P",60,"PerfectTargeted",567.320285009419,"IPL_Effect"
"1053","CBDR_P",70,"PerfectTargeted",551.104468710728,"IPL_Effect"
"1054","CBDR_P",80,"PerfectTargeted",557.478947389767,"IPL_Effect"
"1055","CBDR_P",90,"PerfectTargeted",546.273153231795,"IPL_Effect"
"1056","CBDR_P",100,"PerfectTargeted",535.747932130406,"IPL_Effect"
"1057","CBDR_C",0,"Null",707.091618230261,"IPL_Effect"
"1058","CBDR_C",10,"Null",710.885120567222,"IPL_Effect"
"1059","CBDR_C",20,"Null",714.697996464956,"IPL_Effect"
"1060","CBDR_C",30,"Null",718.398998077216,"IPL_Effect"
"1061","CBDR_C",40,"Null",722.092494404523,"IPL_Effect"
"1062","CBDR_C",50,"Null",725.779202464433,"IPL_Effect"
"1063","CBDR_C",60,"Null",729.474164576014,"IPL_Effect"
"1064","CBDR_C",70,"Null",733.182855674082,"IPL_Effect"
"1065","CBDR_C",80,"Null",736.928885098877,"IPL_Effect"
"1066","CBDR_C",90,"Null",740.59117155397,"IPL_Effect"
"1067","CBDR_C",100,"Null",744.277973250675,"IPL_Effect"
"1068","CBDR_C",0,"Universal",707.091618230261,"IPL_Effect"
"1069","CBDR_C",10,"Universal",702.261786385745,"IPL_Effect"
"1070","CBDR_C",20,"Universal",697.716511724092,"IPL_Effect"
"1071","CBDR_C",30,"Universal",692.475979171527,"IPL_Effect"
"1072","CBDR_C",40,"Universal",687.913745320357,"IPL_Effect"
"1073","CBDR_C",50,"Universal",683.890747898716,"IPL_Effect"
"1074","CBDR_C",60,"Universal",680.031810992122,"IPL_Effect"
"1075","CBDR_C",70,"Universal",676.569167743402,"IPL_Effect"
"1076","CBDR_C",80,"Universal",673.225503181716,"IPL_Effect"
"1077","CBDR_C",90,"Universal",669.854494103014,"IPL_Effect"
"1078","CBDR_C",100,"Universal",666.50287636921,"IPL_Effect"
"1079","CBDR_C",0,"Cash",707.091618230261,"IPL_Effect"
"1080","CBDR_C",10,"Cash",698.227103682133,"IPL_Effect"
"1081","CBDR_C",20,"Cash",690.103458517827,"IPL_Effect"
"1082","CBDR_C",30,"Cash",683.384559845529,"IPL_Effect"
"1083","CBDR_C",40,"Cash",677.743484661074,"IPL_Effect"
"1084","CBDR_C",50,"Cash",673.068028207451,"IPL_Effect"
"1085","CBDR_C",60,"Cash",668.849466798225,"IPL_Effect"
"1086","CBDR_C",70,"Cash",665.01944423946,"IPL_Effect"
"1087","CBDR_C",80,"Cash",661.698371647039,"IPL_Effect"
"1088","CBDR_C",90,"Cash",658.345837783752,"IPL_Effect"
"1089","CBDR_C",100,"Cash",655.550697040712,"IPL_Effect"
"1090","CBDR_C",0,"SP_current",707.091618230261,"IPL_Effect"
"1091","CBDR_C",10,"SP_current",699.921301337566,"IPL_Effect"
"1092","CBDR_C",20,"SP_current",692.960010999954,"IPL_Effect"
"1093","CBDR_C",30,"SP_current",687.011845963102,"IPL_Effect"
"1094","CBDR_C",40,"SP_current",681.857221226485,"IPL_Effect"
"1095","CBDR_C",50,"SP_current",677.320091256696,"IPL_Effect"
"1096","CBDR_C",60,"SP_current",673.16616538205,"IPL_Effect"
"1097","CBDR_C",70,"SP_current",669.285567819881,"IPL_Effect"
"1098","CBDR_C",80,"SP_current",665.741139313349,"IPL_Effect"
"1099","CBDR_C",90,"SP_current",662.474647565952,"IPL_Effect"
"1100","CBDR_C",100,"SP_current",659.427969538879,"IPL_Effect"
"1101","CBDR_C",0,"SP_covid",707.091618230261,"IPL_Effect"
"1102","CBDR_C",10,"SP_covid",700.80744324764,"IPL_Effect"
"1103","CBDR_C",20,"SP_covid",694.857242735871,"IPL_Effect"
"1104","CBDR_C",30,"SP_covid",688.416934922616,"IPL_Effect"
"1105","CBDR_C",40,"SP_covid",682.798185854286,"IPL_Effect"
"1106","CBDR_C",50,"SP_covid",677.800603865519,"IPL_Effect"
"1107","CBDR_C",60,"SP_covid",673.05760692381,"IPL_Effect"
"1108","CBDR_C",70,"SP_covid",668.749917977786,"IPL_Effect"
"1109","CBDR_C",80,"SP_covid",664.640665217509,"IPL_Effect"
"1110","CBDR_C",90,"SP_covid",660.62271938548,"IPL_Effect"
"1111","CBDR_C",100,"SP_covid",656.7379247703,"IPL_Effect"
"1112","CBDR_C",0,"PerfectTargeted",707.091618230261,"IPL_Effect"
"1113","CBDR_C",10,"PerfectTargeted",684.051508909159,"IPL_Effect"
"1114","CBDR_C",20,"PerfectTargeted",670.897307620029,"IPL_Effect"
"1115","CBDR_C",30,"PerfectTargeted",624.384691291959,"IPL_Effect"
"1116","CBDR_C",40,"PerfectTargeted",586.267049435732,"IPL_Effect"
"1117","CBDR_C",50,"PerfectTargeted",552.655065943248,"IPL_Effect"
"1118","CBDR_C",60,"PerfectTargeted",550.077352347351,"IPL_Effect"
"1119","CBDR_C",70,"PerfectTargeted",535.020351462234,"IPL_Effect"
"1120","CBDR_C",80,"PerfectTargeted",534.712384704901,"IPL_Effect"
"1121","CBDR_C",90,"PerfectTargeted",521.856524227999,"IPL_Effect"
"1122","CBDR_C",100,"PerfectTargeted",510.439500080272,"IPL_Effect"
"1123","Luxury&CBDR_C",0,"Null",707.091618230261,"IPL_Effect"
"1124","Luxury&CBDR_C",10,"Null",710.147593867721,"IPL_Effect"
"1125","Luxury&CBDR_C",20,"Null",713.214895645936,"IPL_Effect"
"1126","Luxury&CBDR_C",30,"Null",716.199748716176,"IPL_Effect"
"1127","Luxury&CBDR_C",40,"Null",719.1022395448,"IPL_Effect"
"1128","Luxury&CBDR_C",50,"Null",721.97700897954,"IPL_Effect"
"1129","Luxury&CBDR_C",60,"Null",724.838596899443,"IPL_Effect"
"1130","Luxury&CBDR_C",70,"Null",727.689078473752,"IPL_Effect"
"1131","Luxury&CBDR_C",80,"Null",730.564843658421,"IPL_Effect"
"1132","Luxury&CBDR_C",90,"Null",733.443175819829,"IPL_Effect"
"1133","Luxury&CBDR_C",100,"Null",736.373381132042,"IPL_Effect"
"1134","Luxury&CBDR_C",0,"Universal",707.091618230261,"IPL_Effect"
"1135","Luxury&CBDR_C",10,"Universal",701.536739179727,"IPL_Effect"
"1136","Luxury&CBDR_C",20,"Universal",696.098953450508,"IPL_Effect"
"1137","Luxury&CBDR_C",30,"Universal",690.228721206083,"IPL_Effect"
"1138","Luxury&CBDR_C",40,"Universal",685.07124534208,"IPL_Effect"
"1139","Luxury&CBDR_C",50,"Universal",680.38433625799,"IPL_Effect"
"1140","Luxury&CBDR_C",60,"Universal",676.00893357125,"IPL_Effect"
"1141","Luxury&CBDR_C",70,"Universal",671.887047032117,"IPL_Effect"
"1142","Luxury&CBDR_C",80,"Universal",667.880589950515,"IPL_Effect"
"1143","Luxury&CBDR_C",90,"Universal",663.883680466298,"IPL_Effect"
"1144","Luxury&CBDR_C",100,"Universal",660.153249477093,"IPL_Effect"
"1145","Luxury&CBDR_C",0,"Cash",707.091618230261,"IPL_Effect"
"1146","Luxury&CBDR_C",10,"Cash",697.401275954103,"IPL_Effect"
"1147","Luxury&CBDR_C",20,"Cash",688.713797369713,"IPL_Effect"
"1148","Luxury&CBDR_C",30,"Cash",681.404530287172,"IPL_Effect"
"1149","Luxury&CBDR_C",40,"Cash",675.12079395719,"IPL_Effect"
"1150","Luxury&CBDR_C",50,"Cash",669.949754578472,"IPL_Effect"
"1151","Luxury&CBDR_C",60,"Cash",665.128250530179,"IPL_Effect"
"1152","Luxury&CBDR_C",70,"Cash",660.782257993526,"IPL_Effect"
"1153","Luxury&CBDR_C",80,"Cash",656.76281466388,"IPL_Effect"
"1154","Luxury&CBDR_C",90,"Cash",652.944601741857,"IPL_Effect"
"1155","Luxury&CBDR_C",100,"Cash",649.558877829615,"IPL_Effect"
"1156","Luxury&CBDR_C",0,"SP_current",707.091618230261,"IPL_Effect"
"1157","Luxury&CBDR_C",10,"SP_current",699.212958730302,"IPL_Effect"
"1158","Luxury&CBDR_C",20,"SP_current",691.491224193867,"IPL_Effect"
"1159","Luxury&CBDR_C",30,"SP_current",684.954919260543,"IPL_Effect"
"1160","Luxury&CBDR_C",40,"SP_current",679.162780448633,"IPL_Effect"
"1161","Luxury&CBDR_C",50,"SP_current",674.092326191349,"IPL_Effect"
"1162","Luxury&CBDR_C",60,"SP_current",669.328532317634,"IPL_Effect"
"1163","Luxury&CBDR_C",70,"SP_current",664.986201821368,"IPL_Effect"
"1164","Luxury&CBDR_C",80,"SP_current",661.029123552192,"IPL_Effect"
"1165","Luxury&CBDR_C",90,"SP_current",657.239133774796,"IPL_Effect"
"1166","Luxury&CBDR_C",100,"SP_current",653.650399628888,"IPL_Effect"
"1167","Luxury&CBDR_C",0,"SP_covid",707.091618230261,"IPL_Effect"
"1168","Luxury&CBDR_C",10,"SP_covid",700.10765841927,"IPL_Effect"
"1169","Luxury&CBDR_C",20,"SP_covid",693.295776299601,"IPL_Effect"
"1170","Luxury&CBDR_C",30,"SP_covid",686.252081708976,"IPL_Effect"
"1171","Luxury&CBDR_C",40,"SP_covid",680.114187380529,"IPL_Effect"
"1172","Luxury&CBDR_C",50,"SP_covid",674.528628088852,"IPL_Effect"
"1173","Luxury&CBDR_C",60,"SP_covid",669.352317936989,"IPL_Effect"
"1174","Luxury&CBDR_C",70,"SP_covid",664.451166057755,"IPL_Effect"
"1175","Luxury&CBDR_C",80,"SP_covid",659.779187132925,"IPL_Effect"
"1176","Luxury&CBDR_C",90,"SP_covid",655.279170579456,"IPL_Effect"
"1177","Luxury&CBDR_C",100,"SP_covid",651.07645824487,"IPL_Effect"
"1178","Luxury&CBDR_C",0,"PerfectTargeted",707.091618230261,"IPL_Effect"
"1179","Luxury&CBDR_C",10,"PerfectTargeted",683.293052026742,"IPL_Effect"
"1180","Luxury&CBDR_C",20,"PerfectTargeted",669.040945537402,"IPL_Effect"
"1181","Luxury&CBDR_C",30,"PerfectTargeted",621.637949920184,"IPL_Effect"
"1182","Luxury&CBDR_C",40,"PerfectTargeted",582.727067666124,"IPL_Effect"
"1183","Luxury&CBDR_C",50,"PerfectTargeted",550.342034565857,"IPL_Effect"
"1184","Luxury&CBDR_C",60,"PerfectTargeted",547.520925490004,"IPL_Effect"
"1185","Luxury&CBDR_C",70,"PerfectTargeted",532.327967918117,"IPL_Effect"
"1186","Luxury&CBDR_C",80,"PerfectTargeted",531.728118422745,"IPL_Effect"
"1187","Luxury&CBDR_C",90,"PerfectTargeted",518.77414828591,"IPL_Effect"
"1188","Luxury&CBDR_C",100,"PerfectTargeted",507.234319033585,"IPL_Effect"
